{"noiseKey":{"private":{"type":"Buffer","data":"yBkL3mAgndsMBKwFWiAfR1UcGU+G9gnkypLRMuB963k="},"public":{"type":"Buffer","data":"qQJ3pxTkMsLFeIUZgEe+H1FNZ+WHIgVWnBWVATeqhD4="}},"pairingEphemeralKeyPair":{"private":{"type":"Buffer","data":"uJd3KPaqJ5tBRo3ZMQVpH9WIDxTnWeHJK3MZLlEb1WA="},"public":{"type":"Buffer","data":"A8bsxZzYIvjeac4n6VSAfYyWuZ2J44hY/LoJsZwntR4="}},"signedIdentityKey":{"private":{"type":"Buffer","data":"kEctx4lQ2OjWC0JTiA6bklz3HbVWBLxcTFBS9+A9OWk="},"public":{"type":"Buffer","data":"OUfLepaqqqpqKNO0rSFKMeRsD1yl9ZFwJf4e/5z6wHc="}},"signedPreKey":{"keyPair":{"private":{"type":"Buffer","data":"qAciriMdKfqi9ImqPtHtNqEN+ISfJoaVJaP7xRnTjHE="},"public":{"type":"Buffer","data":"AqguX6LJxI4MbL39Lsx42uPKZ7Ks+jvnSv9PnKyOjXo="}},"signature":{"type":"Buffer","data":"XMP6PNPzYuJ9rAv+pdCaMwifRSrrRVurFVVlP0jXCY6XDjwKATAvzjw407HpGSTAa+DPbXjYczhgiaRsq0ivAQ=="},"keyId":1},"registrationId":248,"advSecretKey":"xmCeEZL7dA/PhubPFMoYQrcsEU1G/Wpp5W+Syc0HVxE=","processedHistoryMessages":[],"nextPreKeyId":31,"firstUnuploadedPreKeyId":31,"accountSyncCounter":0,"accountSettings":{"unarchiveChats":false},"registered":false,"account":{"details":"CI/S+KoDENyjiMUGGFcgACgA","accountSignatureKey":"2Q8W6UUN0oaJw7sJo0IEgLXCpBdktOHV3d82sFAyajQ=","accountSignature":"hS/SA+hC7GbAGSv5eD6q+4sO/nGDi44MsdyfLs1Fev0rOCYSi7fn+t/FqIADYtFLYmqfnDhPqCphVBL9OjUHBQ==","deviceSignature":"eGlgXI+Vm2P0LO5CPyn9RgFH2/NU+ebxY5um3mq33HD/NMTDuMMUOnWdK1Rw/FPu4KUPHRUYA7YRW37nSP6CCg=="},"me":{"id":"556195021362:77@s.whatsapp.net","name":"Marques Oliveira","lid":"261361795858517:77@lid"},"signalIdentities":[{"identifier":{"name":"556195021362:77@s.whatsapp.net","deviceId":0},"identifierKey":{"type":"Buffer","data":"BdkPFulFDdKGicO7CaNCBIC1wqQXZLTh1d3fNrBQMmo0"}}],"platform":"smba","routingInfo":{"type":"Buffer","data":"CAUIDQ=="},"lastAccountSyncTimestamp":1755451901,"lastPropHash":"1Fcm9N"}