{"_sessions":{"Bd0aFNRYtDf7uyY57ZOUkl6gMKSBNakpcpA0OOGXCAcM":{"registrationId":880073503,"currentRatchet":{"ephemeralKeyPair":{"pubKey":"BejdZetJptaOjBd40G3hVIkeWgWp76UQiBKyQkBY3BQB","privKey":"kPKDr+TTccL/Ck4GXdtV3baGY8evzT+yBCx472Jbkkc="},"lastRemoteEphemeralKey":"BTydCHQ5jLO0ibp4uoFvzFIOztBsrDw8wCDNt6ll8ckh","previousCounter":0,"rootKey":"VzmwuHI7LP66/auFb6IMH9LkzzlgXmRmHwm5g49YHQc="},"indexInfo":{"baseKey":"Bd0aFNRYtDf7uyY57ZOUkl6gMKSBNakpcpA0OOGXCAcM","baseKeyType":2,"closed":-1,"used":1755451964866,"created":1755451964866,"remoteIdentityKey":"BVmU5dhDgrdOMfg5sXIMpZq4cBbstsC6RpdKrPz67CM1"},"_chains":{"BTydCHQ5jLO0ibp4uoFvzFIOztBsrDw8wCDNt6ll8ckh":{"chainKey":{"counter":0,"key":"vDSEZy0bkY4lUZi4b0GZZOj4BoMzgRi5FA8n07Q1Z5M="},"chainType":2,"messageKeys":{}},"BejdZetJptaOjBd40G3hVIkeWgWp76UQiBKyQkBY3BQB":{"chainKey":{"counter":-1,"key":"6brmTkeLokMTslYZ4CYxeydkMGijEBjhA+uuN1DXl0o="},"chainType":1,"messageKeys":{}}}}},"version":"v1"}