{"_sessions":{"BeyY/70Hb51We6Kyk3itQzC1EG9pTkkpHi+P2YYA2CtV":{"registrationId":1662765959,"currentRatchet":{"ephemeralKeyPair":{"pubKey":"BSKd2NGSeO46M2d2/cdkEk+dkSDUVqGM3+Rs1LIl3bgM","privKey":"yCodFA92Pphll4rRWtK390g97ddcrLkCPA6qMAqctFc="},"lastRemoteEphemeralKey":"BaOE4zbZAbPisbEbunce2ctQs0vMYfk3x6aXwL9iKlN7","previousCounter":0,"rootKey":"ojaWR4srp0a6p3/MP7x8nyKr64Za6HUvI6EPGW4E6Vk="},"indexInfo":{"baseKey":"BeyY/70Hb51We6Kyk3itQzC1EG9pTkkpHi+P2YYA2CtV","baseKeyType":2,"closed":-1,"used":1755451902810,"created":1755451902810,"remoteIdentityKey":"BfR/vwE0zi5WDBZ4VvwwZTZ5WVTuzK4jsM5l4lOHhE4n"},"_chains":{"BaOE4zbZAbPisbEbunce2ctQs0vMYfk3x6aXwL9iKlN7":{"chainKey":{"counter":0,"key":"CUc1yNHL+a9yWX+mpedfYhPN/dYfc4cr8Dlvv57NJ5o="},"chainType":2,"messageKeys":{}},"BSKd2NGSeO46M2d2/cdkEk+dkSDUVqGM3+Rs1LIl3bgM":{"chainKey":{"counter":-1,"key":"YL7YTnGNa/vX+EaAARk6qhBG+BVFF6Yj/CQXBvC8ask="},"chainType":1,"messageKeys":{}}}}},"version":"v1"}