{"_sessions":{"Ba36fVoIBACu6oCKnQGyomu8qH1eE7uRlrZxCBys+AsO":{"registrationId":25197386,"currentRatchet":{"ephemeralKeyPair":{"pubKey":"BaKEezFu7DORdvveP+tp7kcR4ECnKIo9K8I1SP2E9oRB","privKey":"qESndpCz6DzTXFEpv/47SL7UFvsatt59B0myiMu251k="},"lastRemoteEphemeralKey":"BWzYG+KM/ZEBOs0pARPOgplER0ShSmywSlfL7UhiR2ZU","previousCounter":0,"rootKey":"mvPOHOZkuE+wTYEh905AsrvzxLeGg6JezAfpqXJPB1k="},"indexInfo":{"baseKey":"Ba36fVoIBACu6oCKnQGyomu8qH1eE7uRlrZxCBys+AsO","baseKeyType":1,"closed":-1,"used":1755451945209,"created":1755451912797,"remoteIdentityKey":"BdkPFulFDdKGicO7CaNCBIC1wqQXZLTh1d3fNrBQMmo0"},"_chains":{"BQ3SijXpgsF+SXJNDwSLbL54cmvciXYqcKmWIZGBQBkU":{"chainKey":{"counter":0},"chainType":2,"messageKeys":{}},"BUCDr9gMN/Z65q6FuTPOXgAm/ptywodnTPpO+GS+ZLA/":{"chainKey":{"counter":0},"chainType":2,"messageKeys":{}},"BcBglhG3QE5zj4OkuIRArLDQv5eZzgKw7IQdRNd8YRJ1":{"chainKey":{"counter":0},"chainType":2,"messageKeys":{}},"BV7sVJpT4GR0NfoNBkIpF7WsEdUlPD3lyVA+8/rfOb9u":{"chainKey":{"counter":0},"chainType":2,"messageKeys":{}},"Bcn72ZYu1TFutGKVJSzkuvq+B+CfEqzx+IgcH4N9pQJY":{"chainKey":{"counter":0},"chainType":2,"messageKeys":{}},"BacHm6SoZ0byLU3CgHCDMIrNH23A7pbqy1WHU0GAmcZQ":{"chainKey":{"counter":0},"chainType":2,"messageKeys":{}},"BWzYG+KM/ZEBOs0pARPOgplER0ShSmywSlfL7UhiR2ZU":{"chainKey":{"counter":0,"key":"Dr0FFK6Dv6GfLjFXB23KnWNfS9DMUUMU7ppfJ7TWF+I="},"chainType":2,"messageKeys":{}},"BaKEezFu7DORdvveP+tp7kcR4ECnKIo9K8I1SP2E9oRB":{"chainKey":{"counter":-1,"key":"0dTzrZjDH1yPo8c2j+AWei3lRlLAXAy5EDcCpvVuT0g="},"chainType":1,"messageKeys":{}}}}},"version":"v1"}