{"_sessions":{"BTNkkEJNGfJETWefa7klLDzACkAMo45KRt3mPQxc9JI9":{"registrationId":8407,"currentRatchet":{"ephemeralKeyPair":{"pubKey":"BeLfcQgNCpS2rWeTtOF/JaYhXFbhzLCem5nlKLR/HYAM","privKey":"UBPrwSLhxYGLH7Fr4lzyDx4UEyWMORPUmnURyvSLgWo="},"lastRemoteEphemeralKey":"BTHv8sfHFMKBE+B0vPaSUthXkagWufd7YfF4smFOzuNo","previousCounter":0,"rootKey":"Sz/DAf6ZMJJGs54z9fKbTnwESYlkrGuTjkPEsSXiyvA="},"indexInfo":{"baseKey":"BTNkkEJNGfJETWefa7klLDzACkAMo45KRt3mPQxc9JI9","baseKeyType":2,"closed":-1,"used":1755451968710,"created":1755451968710,"remoteIdentityKey":"BQjZYxM7t0eswCnhTfhxd7hk2BvGYhHVdzZ4FZOL7I19"},"_chains":{"BTHv8sfHFMKBE+B0vPaSUthXkagWufd7YfF4smFOzuNo":{"chainKey":{"counter":0,"key":"QtGUkzbl7oOuWkHbH5hdtyWMjTg2zvknF462YpPZDzs="},"chainType":2,"messageKeys":{}},"BeLfcQgNCpS2rWeTtOF/JaYhXFbhzLCem5nlKLR/HYAM":{"chainKey":{"counter":-1,"key":"Tqha9YvZgAP7hc4xx7/AFBVSA/dndaqHEAaVasmdcT4="},"chainType":1,"messageKeys":{}}}}},"version":"v1"}