{"version":269,"hash":{"type":"Buffer","data":"tgVuQ6RCICHZDeVTzVZlShhF3b8s1UyNxnZJapI551VC/husWZ1KVas8o0AeuquqAWV8q433VxsYD6grzSzhMPMPFOqRvNKvacT1R9dAwX//eDc8ktyahs9XjeHE6l+WlBhCLtdDYVqQrIVX9h2T33w1bCaqNnA7ZNqcUGweKLI="},"indexValueMap":{"Ae5Q5fKEyGIyib43Ojs/MtXEWPDEWXFCHIFTi7DQfHs=":{"valueMac":{"type":"Buffer","data":"86PEQr0Qgn0cz3sSbLYp5zu58KDVJXaUt1fmgfy0Cc4="}},"As6aC0yZWofc6Vx140EzwNzI7b9mqGSql8fFwXKrHuw=":{"valueMac":{"type":"Buffer","data":"VwGfDLskghRcvDhRGUJspksOWW0yYsWtf2DjRBr2a7E="}},"CoVTwu3f3Q3MRfyWFGE2Rhpr16/vy4gVRwVOAquZQpo=":{"valueMac":{"type":"Buffer","data":"ODQ6R0NOvPYb8Jxxp2TNpWqUmO6owJobSuRsZ70mIro="}},"DE8dJQWJqTNGdUqJb9E8UqEVoXL5QE/NZ7+UOWtRl6A=":{"valueMac":{"type":"Buffer","data":"7PV2tPDuQdfOXn40ieoO/i/VRTxIkkmrwiUQ8nldhl4="}},"DZMX8bAekEKTtIwH+gAGg+CihYSejiEMpHIMjuPvOnc=":{"valueMac":{"type":"Buffer","data":"d2n3bel2wiVwJHXLG/9RGEdSrjyxxBFZcKoH5j9c5ow="}},"DwOEboAJL5fPKb5vjnczYJlbww+LTDos1E1IG/nEwPs=":{"valueMac":{"type":"Buffer","data":"1yo4r2jnfp7wL/gnTneMtODM5Y6T7t4KQo8kNf3/YRM="}},"ETVR3Vpl9yUOmUt3Glez3HQG6v6Y7x0Qs0Wf25NJsmE=":{"valueMac":{"type":"Buffer","data":"Q2ZOF7qFThnTrKjfD4dcNC/LoXT3sUiUoBvrADr8Wg8="}},"GhKeTSs4hf8ZNN3NNfpneJfuph0sgk0AR1KpLUTkhPc=":{"valueMac":{"type":"Buffer","data":"ztQ+2bnP3nZNy8gvpIfLZ2//8kOwaY+Tsv2NqV8TK14="}},"HGE0yCo3rz6+OZjCCdUALPdqJaO6ki4NweYlb21VC9E=":{"valueMac":{"type":"Buffer","data":"kIA+1wi4i/eTKScxwyllZ0RwQZoNtXjs8YJddZCjEhI="}},"HkBys2FotwmHn7Qvn8o+FON3kfEQ9pA9NlQEiWxGUmA=":{"valueMac":{"type":"Buffer","data":"Mmo+YeegaqdNAKXsHWIWmReeDjtBLBYLhdc/x+Vo5ZA="}},"H4cBLH4W+VWli98MFnY8mcK2xcdj8Vz+uXjjkmNXIgI=":{"valueMac":{"type":"Buffer","data":"nlDz1dAQToEqz65qT6PLpNWQtcb92Pn4eKp1srQaP7E="}},"H9vc0YhjwRlavPX5+b9N8c5Xh0FszjdjkZ3LaqxVKHs=":{"valueMac":{"type":"Buffer","data":"0HCvWoGyCv/bGIxYhpXMFjCQS6TvepozuwMO6ZOm9Sw="}},"IPGx17RLY1TvtrBdUAdS3dXqq488AZ5ifrdBdjiP5Yw=":{"valueMac":{"type":"Buffer","data":"2rAMkdY8r+TMOoBkdXSAlxPoHLMS4iZTcIMgaGhfFiM="}},"KK3prS54r1MO4PrQX9KekHY7BomG1szz0r39JOMgGqM=":{"valueMac":{"type":"Buffer","data":"/Sp1uemBaRmOUt0PeSi0r4A8RV9RL2qBTY3pY1rtD3I="}},"LUph4q4dSWVHG7u8ZsPCQnCwpailPfV6GzlvLN84wdM=":{"valueMac":{"type":"Buffer","data":"kiy7y+Oo0Ct36RCJeuglUepKDmj+KMQ/uF0tu+/x+WA="}},"OLKwj2U5ZW67awir+sGOe4u++LE0vl5GTtuLS72gfRs=":{"valueMac":{"type":"Buffer","data":"ZWndO/a7r8crnAxnD+oYQBOnZgkVZB5byI3fkrm73ZI="}},"OjCJHMRhQGCC5q/hlbgxUPwqZLg9Y/4B34bUFHFe8ZI=":{"valueMac":{"type":"Buffer","data":"SeiCDDlidKgpiR97FqJo6TGbdHk3Wc2BLdFy8u9kfmc="}},"OwNmWYNmjtKyVMp6/Yc79e5MAoEasD0eNNcaZ8CUhlc=":{"valueMac":{"type":"Buffer","data":"k4QhPEWEm5hbE1jbCzBc8XmyuZxzTBWuGBJWluhEsfg="}},"Pr7mLwbSi0gtUP2pAdv0EGiRm9OQ4La+60cD7jpZIL4=":{"valueMac":{"type":"Buffer","data":"gCgPK6gcvXJLRCx8lELtyaFYeV3o0JhgTbibezD8OWg="}},"Rb9uMJN01yxndkmM/+/atVb1Z+4z9PDE+5lNpvvk3jY=":{"valueMac":{"type":"Buffer","data":"hYsL9PrlooumBr5fTJWqiH2ipk/naGMecm6yt9tivwk="}},"RwwJSEcRjic6Us8oApTReQ7crhFGrazI2ZwpCgAdN1g=":{"valueMac":{"type":"Buffer","data":"+rN+mycNDaeMVWMNYXVnj48ONXgLrVLa4yHB/t9ry1g="}},"THkfs7OPOd95G/+K2qwzrY1lQWfXlgXQGNhE80gHfJM=":{"valueMac":{"type":"Buffer","data":"H8cQDprdeD9MZwLRPBB0NEUV+Ojcbf2WFp11CMhI/uo="}},"Ts2xcSBq6LqiTEhcXXTQW2DAvVYBDnnd4uHwYW/BOqg=":{"valueMac":{"type":"Buffer","data":"O6v0wA+9xmXh6yCBfFrlDAFmzlzyQNBxXG33u1B3an4="}},"VzHn4KBcLoXaxAOCO2fG9q3quzfKhmBStRzkvzBkmic=":{"valueMac":{"type":"Buffer","data":"HKHjPKwIv77myQdJxh5tZWLxEW6jOQzs5aMUFEvhEpk="}},"VzkQcZpqQahMXdENIjuQy4atTmhJQ1Pb3XEViT0PINE=":{"valueMac":{"type":"Buffer","data":"mTFm3DFYUeLh9er1RabgrTRPQeOsmGElnxMQC6859nQ="}},"V59RNJmsbp8n3U4c+OxwqkNzxQfoO+Q1/loIUFumcqY=":{"valueMac":{"type":"Buffer","data":"wHmEnc82vxvUQtO2zDVpWsercpTQWY2VBG1gjpwfjiM="}},"WZD+ttzWahkKmvQUDkdu1SNI3EUz923w1tn/jMfIMqo=":{"valueMac":{"type":"Buffer","data":"tCgEZoe9bGHZPy4daSIENeovGs4/E/x579b8QzPdVCs="}},"WnjPX8vsJo5agV4/W/F/SyeCPeLZsLfTtMp/q+ylriQ=":{"valueMac":{"type":"Buffer","data":"XAEU/e0Nw20ELWIjrxzInaykZe6PI3xnfHIAo0HDlyQ="}},"YmxQSpq0cRJiqn7xLPqmi1SoHpgMlbRz05zLY0lEyVk=":{"valueMac":{"type":"Buffer","data":"KVMoEgvoMoX8bRLW8doYIswV/sbGkMeIlVduCkd4r7w="}},"YoA5bNHt/5lrl74PFuHcamJkAL7i2vmrLRRmAOhi8KE=":{"valueMac":{"type":"Buffer","data":"j2C7sFjYzwQXryGWvMmR2GPgyg14oZ7dGuYjBLZRmCo="}},"Z/vIu9hwSDYTK8/1xGpcqWEFKWBLaQQwpuTc+Mumzng=":{"valueMac":{"type":"Buffer","data":"fMRJjtqnSjApK2I6PqWagzccgNlXoOBn2UmYglT0pdI="}},"aY+Iqrw1MRiiYiTxYDyMG/XMcF5V1i2KfGNQb13INiM=":{"valueMac":{"type":"Buffer","data":"f0j5EWQHXdsFANb16gtrExkk2D+K3AGoOYAXae3I8uQ="}},"cSOvZW7lVyWMyCEKSIObbLialeyKVPrhoEm5XgTDqE8=":{"valueMac":{"type":"Buffer","data":"W3g3Rgeo5+GHP8QaZjlyZraIXBpBO02KpPPnB3bt4Yw="}},"eBeBrDutd1h1j/J7g69ypltnppHzm/gcEFQrtrFlMDw=":{"valueMac":{"type":"Buffer","data":"U3M56N3aVlpVB9TOQhTGvWa1e+lxiLv6GKeYM/vW36Y="}},"eU+2V1oBohv5FzRp8IX1ZQI0PMn/LW4s6Yaiu/w/VSg=":{"valueMac":{"type":"Buffer","data":"zAEYdjXL2afIdGEgx1dwWe1ADmIDmUmcq+EEC/Yvk40="}},"fGlSsZ613Oz3YpkdWvv6Fs9MtMl4tpEU2ixybA8IJzs=":{"valueMac":{"type":"Buffer","data":"sjVqdRz9jnHi0wtq8+yqJoQvpQ3rBrb4f/FwFdG9SUs="}},"fZXYmJ616dQh/0O4RKwOu5gUBbOPwrKWMOCrnHK6uAA=":{"valueMac":{"type":"Buffer","data":"JMlOA+8zNQXWtrod8gZpjkE+HXJNPuOAu4Nl+N3vUs4="}},"gaiLJtP1s6WD5C34Y6btaurN+vxBc/1O2neFdzRSLZo=":{"valueMac":{"type":"Buffer","data":"f1z/gDGqjowEBwrpAKkUJPeRB3WsH22g190ikEIAUB8="}},"g/DuwjK4WagL1vsfyyc1qXXyZRVBNJ2yYm8+cvBKe+o=":{"valueMac":{"type":"Buffer","data":"dG/n8O8CdGlS60RjfArkgBnGo0I2T1RtM3qTbsmnRpk="}},"hQhmI1ATptPJkmbhUxIzAoSAaiZIY5mPkAb35+oLGwk=":{"valueMac":{"type":"Buffer","data":"SMh9dWvD0X8nNlebnV3lITakNLLES2/I4/khZ7mAoa4="}},"hvG3Mm8UqAZJLpS7xwFWlSUD0gD/Yg9EqRuls83CgeI=":{"valueMac":{"type":"Buffer","data":"506O9yKTqqUQ8dUlpjcVU1SY8NeEXF3Vy1qZ21g8XTA="}},"i4vQQSwPUcInCvPQ+3HESjdmPRRj92y68HhJLXu1Zho=":{"valueMac":{"type":"Buffer","data":"j3AuZe55nDDVDOvkkJcEWqj1OEuw3nxrnsCe0DSWV7Y="}},"jaxKQ+apENCpAYigHosBcWT5BD0ijFXC5I0clZi6cUM=":{"valueMac":{"type":"Buffer","data":"Aue0MoBb5IxI34w7VTB9fFzNKZvwUc7E0srTtSgBiuQ="}},"knMKVCLm4aeCklADmDtn+FgpvSIAzijm2iHEfUiupQ8=":{"valueMac":{"type":"Buffer","data":"W6glM156fdxKsYS0MFtZMEpV6SiIBnx9ppPcWVJ4pJk="}},"lQyllzZ9mkNoANpH/3GDYnG6Acxy52+50JbkB2fqHMI=":{"valueMac":{"type":"Buffer","data":"LyiucOerw41H7xFlVXpI5gOeKejDFvH9azfjrPU5RwE="}},"lY8PPvs7SqINNwXDAxB2CaCV80iwRYUKEm7d+iL0aCE=":{"valueMac":{"type":"Buffer","data":"w5dOwpqHYslfGDPl1XC1cv7JR0oA9G8zOitBCNHpW9Q="}},"qsiOKfyCm8pT5ryu9he5wmTSsqkXDn5X+g/v73XzJsM=":{"valueMac":{"type":"Buffer","data":"bZ8jwkCs1m5ve8rabAlPeZmtSgTgvUDNIBU+WA2vIhQ="}},"sq2e1qh/wiWNQFvyUjRFsVgoKTGTcV7ppBfgFhLfB6I=":{"valueMac":{"type":"Buffer","data":"y5YDWoQkUS7wUToIR5/G/WP7dFHOAzV02xtd7ZpwQZk="}},"s4ld0BaOJlPOMYrtHJ267PPoJJWfGA8vxMCwRa5iQPs=":{"valueMac":{"type":"Buffer","data":"exfxXnV4bdXW5qeRg3ve3smBwLBuBidiFAfUJl80tDQ="}},"s6maW4rLArUh3WFzhg2HpAE1H+yH9uTG1JaGrc3jrLg=":{"valueMac":{"type":"Buffer","data":"WEBhfISrXcAJI/jM9OSBkHDZH30Ihk4fvJ77JqfpdpQ="}},"thfFJSvLbzRErV5f2a8BK99pVy5DXgTyn+BQVNhdMPA=":{"valueMac":{"type":"Buffer","data":"c+vU6vYYLSgH82LzGralJwO5vmWV3bCuRf4wU+C/W8c="}},"uaAOCWq7WW4pPAhjLk0f61N81V6OMWhih15CyuqSC04=":{"valueMac":{"type":"Buffer","data":"9+cPL0Qux0iGgRK4BuRE258GDfYyHOR/+/mAsfaN998="}},"vazKq0JDrSK+LXBaRle2tnvD1WHYzMLK6o0CS+T0TNs=":{"valueMac":{"type":"Buffer","data":"vYCq+nGGCRzmMolUikggjTOdoJBSQPlP5dPvIIf3Dv8="}},"vbzHWzX52KOOXm21Xnw9fowlVx3OqX/UyAoUUNh8JiA=":{"valueMac":{"type":"Buffer","data":"C0pQy6jE48H29bgRr4TpcA/YxiPztSb0OAtpxBrU7AY="}},"vnu7wfn837nZv63oDENlMkNDXEYT8OfExCZIslstJlw=":{"valueMac":{"type":"Buffer","data":"ZEOKWDYs4dCArQhCrOYAZRzR/UlLlSX3Z7hbY3Pp3Jo="}},"v9VlWOmthplhG44vAlzdU2ZuZE47tHEWYUkI0x+4s18=":{"valueMac":{"type":"Buffer","data":"Xu5krGfOnYpup2KdvnyvKtKjbvB+r/OdaPHDN9F2BfI="}},"wSJJul3MZBPSEeiji2Rgz30MdBZx7CZcx+TQJC/kFj8=":{"valueMac":{"type":"Buffer","data":"uJIfLh94LjG716T7ErZNGSkUFPbRPjzkRN5i6mtmxTg="}},"xC4v143fBrolx1MoKbCyQ7yhNkV0TxS76mFbn+ixS0s=":{"valueMac":{"type":"Buffer","data":"SO52ntjgdUIE7UbhUgHTImTV5fEgpCUlQiM43bZJdtU="}},"xp8MiZWpkh1YBZDARZHdWzdHAk9EclBdBPxVpvd/jaI=":{"valueMac":{"type":"Buffer","data":"3Y0zUhKSqwnVjsuAAlXKM1dbm1M7zJ/W+ryx4eqI9Ao="}},"xyRp7IqPSIQngp7X4pcSpzDKOwQiw/na7ZlseE8unoI=":{"valueMac":{"type":"Buffer","data":"6clXJkme4Js3zHlbeLCxFMJry8m9tDxlJKHhNlae/lQ="}},"yH9x6nV35FRZfsamq2UcJQSQFEAEIUefjI2lH2cV4iQ=":{"valueMac":{"type":"Buffer","data":"NgTY/wgZnW/i+AgshKErHfs5br+P/rS3uzXkL425aSQ="}},"yfXW8fnc8QenXXK8k2/tMOBBA8xez1O/UWtyVyKKueA=":{"valueMac":{"type":"Buffer","data":"/WHjkOeu+reGjef99DkTzusaqcLCeYw8O7VWPQB8XUM="}},"yrBzWQNnLNHCV0/bPka2ezgg13kT5o7nj3/1VhcQX/I=":{"valueMac":{"type":"Buffer","data":"HXvzHKrG1NeH8UuiEvbFxlrWZi3wJcbWrKTTU/0CVXM="}},"zV7UF/kZWnaJafG9xy8uCSVB+EpAISQ7ysaNyJH1oVE=":{"valueMac":{"type":"Buffer","data":"4vQaANOcPRPVu4OPV0GksXAsZ3hCkJwlXZ4ALHvLX/U="}},"0L3+62iUt7bgsI5UQmgdb82owTD9KEF2Z/LnMgBO5Z8=":{"valueMac":{"type":"Buffer","data":"aAoZY9sMSJ51QYDt7LZCQQXyx2WEl1xvUco5aCuNud4="}},"0nqyKTJYYOmhHCofBVw5/Q0zXC3sDGwcfBQPStX62Jg=":{"valueMac":{"type":"Buffer","data":"m7BUBOb6LV/3975EfyYpoPzFGgBkKNul00CuY2XgXcM="}},"1gmTYmB+4gbkSdyGX5Wni5XaS4nOvB0LXABMGyZeYRo=":{"valueMac":{"type":"Buffer","data":"lKvIX+NAIc5APPWJo++CJtPg+9Dll4bRSNaWgzBA0HQ="}},"2448PW3WOMlL2m2aKovbUyOAwu5I5k/ZFHNImpSV7yM=":{"valueMac":{"type":"Buffer","data":"AuQkvrJgasDrsVJSRDMz93k0qOHC2HyGQAIYJwKnNEg="}},"7EM/w7q/iX1FIu3gLPog25tbsxxeukdZuhcu57lPjXY=":{"valueMac":{"type":"Buffer","data":"g92+tRWRXMWPRFBSgZmkEkbtBTkA/YV8BnOFgPeyLaU="}},"7o0AveSgowzBahdfSTaXcZdy6P//WxnLlKOTmZApStc=":{"valueMac":{"type":"Buffer","data":"GoldAhrrhEDtsTJN4p9ly1BOG0sliQKcePDhlGhQRZU="}},"7upDKnqDWMQhBeR/Dij8C0n+AgS79Ab+X0Dz/h6zq6I=":{"valueMac":{"type":"Buffer","data":"xNzrTn4BaB9EMj/f4J5NgUZgOsSVBgmkhCm4qVYXXGw="}},"8ryF7U4+QH6qZjo8/SYquzFxs+KzJpzqd9yHM26DvEg=":{"valueMac":{"type":"Buffer","data":"GEpCTtMWxeuv6qJiPQgdccUOuY1GaENB6mlAOd7z0qY="}},"87SEsKSXBF7TVF+BeuQgg3pFtdO7ggsRHcfhkQWyLmg=":{"valueMac":{"type":"Buffer","data":"lEMUovKUnXMvKKUs3UT/4hqhNGdjBK7JN4Ome3mepaU="}},"+GUgtm5DUxX6F9doML85SReT2vS3GF5/Fi/g5qVrukw=":{"valueMac":{"type":"Buffer","data":"j1wjYmf/tR2oQXBD9foc8o57zyZzvYQhqTKKr91ZWsE="}},"+c6JnjHWMlIFZRWNjrGRV9Q+o7m/rs0GUEBi/XW+wIQ=":{"valueMac":{"type":"Buffer","data":"aXRcklSOBqDq3EDDniUeYfm2liS0I/uMnWbNyvzSyaw="}},"/hn+MW+ToOzKGVKsk8EGHaO2o/gf6t8mvYn9k/kPKNs=":{"valueMac":{"type":"Buffer","data":"YaZSK+nhCGSaC1ZybCoAzHiCu8Jl7Xg82l5H/P7yFOs="}},"/kp1tK6Cq+0l65aeWRIrZK31ZBCPRwG9d7rc62jE/8U=":{"valueMac":{"type":"Buffer","data":"ZPf01mD30bj8ik3OAaQRrjOFILaxNJq4/J/7wWyukms="}},"/z/DGLGolRLHTQREnMDgzT3tsNxPIu+AxxDKe8Jw/QE=":{"valueMac":{"type":"Buffer","data":"H32EkgVjuDsTRIkFCZ08CDqkXyqSLeeqHlgzNqfp874="}},"QqXmBmBUp00twZR+6ApzsKKjOVbmoHYeUXPoGG0dAIo=":{"valueMac":{"type":"Buffer","data":"fcvnq4ZhzuDCZwNef7+6alVHrmMX303fPIPhLGP77bc="}},"ZO1fuiQZoGosYFGVzQ4plV+Sn0MsSXyxj6ehpu6QwQY=":{"valueMac":{"type":"Buffer","data":"/7v53l1OqkpCmb8AVSFdQhJcy0AVJ3AnGWNnXf3j/rk="}},"knNywyQ6k54m9u7wTrrnJzFWm5RE9F0M6stkxMe54+s=":{"valueMac":{"type":"Buffer","data":"vU2YP7BBAnlccB9Am4lvnFFxwc31ndR4Uqyj1P2u2o8="}},"TwN0UTB85cPgVCNNJCPPTg6izMrmX/3jX6XTHZIppJA=":{"valueMac":{"type":"Buffer","data":"f7apXdGymfQzGB1FgKNSkVUqcFgBj8UCJFicAboZYLo="}},"onKTmJOGOG1Bey9kotycUR4E9YF8pRwPObr6tJBIKj0=":{"valueMac":{"type":"Buffer","data":"/RrD1QNAx5DHUm2yaAjaaFVcS3h4Bna36R4zjAs4dgM="}},"o698fQJO/wwepiJcE6eQmXnx0gclHHspwkGBrrBp0/g=":{"valueMac":{"type":"Buffer","data":"FqPDbYPRbRW6+YTdMnSXT3M7mYWeTc+Qc1KxK/Izk0Q="}},"Dtu1jgZiYjNTRDZF73oIa79Vf6swBWjDhP9lLXGIG08=":{"valueMac":{"type":"Buffer","data":"EHl+ZldB8eRDq66xBAMDtD3RP22DmtL5Bm5z/Zw909w="}},"+L8BOflQfsSIW2GVe8dnD+gmQJJX++Ct9OuCZfddMM0=":{"valueMac":{"type":"Buffer","data":"nlwRPGuSPyh1RU1/LR+iunY55e4+qMTzPT5vsjOdxg8="}},"2P1ktQ+n1lj1JqTPY9yVLB4QH8FDmdHS4DbNPK9xj70=":{"valueMac":{"type":"Buffer","data":"NESAVocDMqvA52pCigI8EXrEjsTe18iwql68rJwH9mk="}},"sN/ZuYB8MHr1tIRtB18m5nzL+BxyxBLLHQhCh6lUIDE=":{"valueMac":{"type":"Buffer","data":"N+XOUAdui0parqwJsvUxXAq0x1i0Z4GCWnIfd68CCVo="}},"XtfAjLUR7ShmgfOv3e/esPr21xWlNXfO65+KyomWVJo=":{"valueMac":{"type":"Buffer","data":"u0eXVifwfo98ax0bM7bufHawilNxfXRuhOtZX72dHSE="}},"hQB3pOVixlaZ3dUiA+hP9ifw01J7UGEvT/YXPlCgdtQ=":{"valueMac":{"type":"Buffer","data":"HEVrs88NF3vf98UTga6FO+Qh26TRHk9v03zdKr/ZCQ0="}},"79w2hk63AfAuO5X5VVsj0SmKldnftiBxXyxQreFu8KI=":{"valueMac":{"type":"Buffer","data":"VFUt377jya7b1naZ5gC4L06/pgeaaw2zW2x918RjMZc="}},"zaWEo5pAklr6ReUx7g7zk9S25Gwv1FqDH3WAhyT1PoY=":{"valueMac":{"type":"Buffer","data":"0J9q4tOzifa6kxEC0tjH7lDG1WRxgnS8UdEB4LbDnAQ="}},"SF3Mf+R2mCPtkw0JgS82eix95Xq2UvwGb8yv0zQZ724=":{"valueMac":{"type":"Buffer","data":"Lo3l+oTNDbz5hiLuyeU0VSmzG/3Zsk68ZDpNCYEhsKI="}},"wUedRWPdw+MPEAGKzkPJHGm4evdQNumPrAe01YkRgvo=":{"valueMac":{"type":"Buffer","data":"1yBo56C5guqvwD5JF+HNJA/0he5NurNRha4QxgYxyaU="}},"PksWQ+HdVhO38Sc09ma6vq4RX0DF4PrydkQ3e9cOJqk=":{"valueMac":{"type":"Buffer","data":"o+BE6QrYnv9rahxOGSK5iVGIU4smsTqPITw+VTNtpJk="}},"DsH8PezcTzEP9PpkGOf9SeBLTAfKtDT0jMNvoa9aW1I=":{"valueMac":{"type":"Buffer","data":"TApnWeKkfTNnMaSK+NwaLhhIHp1H7sm0N1jSMkGbVyM="}}}}