{"version":61,"hash":{"type":"Buffer","data":"Q0wvA9AyYakKS2S+RzEJNVDFOfqRpSVgAK1IZhHtRdy/EQVLp6gHhbBUTuo+pR7F/eQvOH+crZ0rsw4IkFnZgl3BI0aE/DlqxqNcP5Fth60S9tkMmNDaw3b4dQSJLKWH9R2XOscPAt+EqiwR6aLnh4SfTpOa+un2A/z6QqcfSQc="},"indexValueMap":{"AJ8GC6klMNxH6EXMhnsNdzMdYqR2JVsKXL3NFCuKT/c=":{"valueMac":{"type":"Buffer","data":"VrTyDF5ynBPrhWIC7/S/Z/YvH5rgIqlgi5LplPnIijw="}},"BD5x7l7miw/VLWc6i9cu7jzQih/lMxS0jShbTDJMgXQ=":{"valueMac":{"type":"Buffer","data":"kIp6VO7tEzr5qmtc16DiTpj7g3HwsgqZ/G+dFCBm/Cg="}},"BWak1Akc4Vb8N3qt98KKrsYrbqXUFk7OePYEhuLePUs=":{"valueMac":{"type":"Buffer","data":"Wz1i9quf5YJOJ3a7Qyq4kUv/5FpSPU+EjVUG5DuENHY="}},"BiU3+A4OTEH2nL2gMRnqCxgFGgT2n1LP41hj0pDsIXs=":{"valueMac":{"type":"Buffer","data":"iSBnQuRy6lN31Dsws5VRNzP+kM3DT8djYN3vf6/kF58="}},"CJyDwUOR/K8kCQgfz0GYtCcns6lAti0YpPuAsDkv3fo=":{"valueMac":{"type":"Buffer","data":"HUqyr22F3codwrb3qQPRiXl0gDIylvAHO0raxXHS0DA="}},"CNr6tr2Y8qn79WYZbJZMzTLoYU5KqEEAYftCTuolHXk=":{"valueMac":{"type":"Buffer","data":"af09vAikCGgt4ckp+qXB6FWPtP4NnQjt8C84LrySUhk="}},"CW56552NN3WZJsMCCExOln0vqZ8NE7p7W79U0N+SYvA=":{"valueMac":{"type":"Buffer","data":"QRCNZnoY5Bkzu5we4vctjquzEQBzoDW2MWsKbOrPyEo="}},"C7pCzDJNmH4Oa1Xd14gqirRTDymYAL12nQBqOYdfOr4=":{"valueMac":{"type":"Buffer","data":"JYf22wl2OwKhDZjqxgrmUfaC/v1/MZjzSMybhF8JMYA="}},"DU4emoaudwzq10HcsKjJz/4o/UEI/ssKw8ejg9bruE4=":{"valueMac":{"type":"Buffer","data":"g2YsDDWncMbMe39ydVEN9/egNkrb1LgBXMJVsgICh+E="}},"DX+msx85PqO/dJf15e3OEoZXJ3L72VBFNLZTB/WwaYo=":{"valueMac":{"type":"Buffer","data":"NVPqsF5x7YYu3UgS5TLx2BZVVFtTVqbD6wl/yzmvpPI="}},"Dg0pBsSI1YN31ADGrCNUsoGMPhUqiJGAcZrZFqDDsvE=":{"valueMac":{"type":"Buffer","data":"T4vaOu3c6vZE4ci1phJ22wmGS6FMkS0Ii+Fqp9AanRU="}},"DtMf8jD2I1G04uCX7MBiShFwFZuLIe+N9Nr1VVLIqgI=":{"valueMac":{"type":"Buffer","data":"0ezRymnHQ6i54xNndNE1MYOXpuw156eJVsjGuXcTfnM="}},"DzYt6X8JsQwSRSWyuUrGuKmA01EI1ULAxdBzm9Y6nHk=":{"valueMac":{"type":"Buffer","data":"hJRaFx5ihepctitOmcV2z9vJy0cneUcI3sZfENj8G7Y="}},"D08I7qyz33zSFLoHeQRYfw45DZGxY/aM54PXno8c7k4=":{"valueMac":{"type":"Buffer","data":"Q8BUF7iiFidveZRtkQn/CnsdiV4cDZUtnt7egRgP/nQ="}},"EUq+XNraOV7D0QuKJjhuMyJ+ECpDhervBKNBJsyUlSM=":{"valueMac":{"type":"Buffer","data":"ssdijeDdGi4p1KOJnhPtCUtMt5JPiU4pEgcj2tzpl3s="}},"EWEoxvCI78IH1E1oEFGma6Mm4uVTZl2al4Zu/viMvDs=":{"valueMac":{"type":"Buffer","data":"vVvJTy3YRu+/KUSFUIECL4ALeuHV6RTFzW36P2XPjPo="}},"Eu2nStUbJzj/Bf4u3uFoiNVXr66sZ1i8+kIGGx5S/GU=":{"valueMac":{"type":"Buffer","data":"fS3BFfOqdeR4Mw2Ycng+CX2QVirc2VNidl/yrE1/r7I="}},"E+EQlDZJ3Ts+mGxpRes0OHQnnJkUffUQUZtmhfLKA74=":{"valueMac":{"type":"Buffer","data":"5WLC1s3YCaGhS19EABXP088gST/DpMNgFoha7McBfEM="}},"FB+siRLLLr8q4KRj4oaz/wKesKaYoxXPr9iEDW2kJpU=":{"valueMac":{"type":"Buffer","data":"idzS3MuAUkt0EMU3Xd1fdedsWQLpRQv98jcSIJ+79Wc="}},"FEUbcPUTmmxuwr9+ZkNw2/3wMzSkbvnmdcSvA4cX13s=":{"valueMac":{"type":"Buffer","data":"chnNiX8jnKQxlz+2aCENDH9fXET23fQsBvIVX+3jXVI="}},"GH7m9GTeIx+pnrnDNBmTXaJZOMttuF8rH65uzrqetvQ=":{"valueMac":{"type":"Buffer","data":"T3jHfEYyq748UdZvP1jLeHznus6qBYgMs6v5Rre002w="}},"GhaWpn7OYCLDqFThY9mabGGQ8xjb4JhTQjoZATL+rWw=":{"valueMac":{"type":"Buffer","data":"V5clOfDTrrGhld5w6jAKlkIAeoAyu/rivyD6tjUoYTk="}},"G3Ose/q+4tqkI7L8XV3knZ6Po+Cxe1VoooY9mRu18sw=":{"valueMac":{"type":"Buffer","data":"tQAYnK9TtMgz1AJ4l0bCAzeVjNolRJAL/W9XU4Lt1Wc="}},"HI8CVpdljC3bnqRhia5TXz/aKYmZGZkFNqr0O5viLr8=":{"valueMac":{"type":"Buffer","data":"uxBqlD1FG6oaWBXXGN3WoAR1JdashlEEkRDigxVLAHI="}},"HJ4hJfZGaDUPG16AL0VigfmsoRp57wfRCxPFvF+efpY=":{"valueMac":{"type":"Buffer","data":"dZ4/F20Oz1ntdhuSM8Hywmal/D2LvN2NeeD3LKV0ZSU="}},"Hs896VaEUnznQ/xErMv0FoSTh//rLI+V7IycdxFyrWg=":{"valueMac":{"type":"Buffer","data":"IDTb3DAUWrN8b8iMQmMD+Q2/GEQ1QpV/EkYK5ZsspeY="}},"INTW+y8U1tZEtXeYmuvSyWGxic6DzYjxb6UtSzEIc6I=":{"valueMac":{"type":"Buffer","data":"W64L0A97cFTgAI/1OabU/LOpitZ1RqDnY5MAsdHHSH8="}},"IcskLyNy042OKihlLi7e2PBQEIbpX9y2gpGQR6wSFB4=":{"valueMac":{"type":"Buffer","data":"eoIrHjCYwfsQnH2ndLQZoe7dvLKaPGzJgu8UtI/vP1c="}},"IiVAMMJYArvx+I4wYndatxgTc3vVA7cfYm+4Mq2jgdg=":{"valueMac":{"type":"Buffer","data":"ED9CfwSLssmhMuhag6gQ9sqsKPlb5/nMXlfkJIzv4Cw="}},"I3XKBW5OgnHPgdZ4UCve/QNvW0Vgba0TLGAeZTXV/To=":{"valueMac":{"type":"Buffer","data":"s8ndqNKFfOLQPUKg6igaE2L1wijP9k5Zo70KfLp1KHk="}},"JSc8d1AZiVH77Mtf4XXmxD/Oelvg7QAETvTYZYZHlKs=":{"valueMac":{"type":"Buffer","data":"cW7fFgoJFUfET8S/fQoLGViJpQMfej1aqkj31N2x3Wk="}},"Ju16ZEp3S7mjHCYKHLTfBOi5STfHBu9VpDU9qESnz8I=":{"valueMac":{"type":"Buffer","data":"P+y3fzPU0XXuFVHiZUuuKtrLTayTxa/v0UEoRrUnHdk="}},"KaKDUgB4vNVl8Km+b7opsl7f+/7TSmxK1dlzWjsVgAs=":{"valueMac":{"type":"Buffer","data":"0f9nx0f9dJd1S/q8M1JlOMHqLhykDu7JX8Nw46EuB+0="}},"KdzBa142ZAzdsJD60uqeltRZwPhU8NbHl0acMvp+uvs=":{"valueMac":{"type":"Buffer","data":"BrOz57ZzC1yaJrtoFGOGn15EPflpUde6woKT7loNCGs="}},"KzM3BaSxWhlCOgjH998ssiHcGdT597vce5wrMwKweKw=":{"valueMac":{"type":"Buffer","data":"wFAwuSF46rFjfPpV+55ySVJgwJUiAjp9fTOlV6Lwi1U="}},"LBSVIbRiwwwKFhf68sDdKIuefXFSh3cSfWTKHm4rUWM=":{"valueMac":{"type":"Buffer","data":"FZg9KF0184cCQG4A3Rlw9gk6VFKFxr9tIa5U8jjWJ8c="}},"LCCeJrM6JWnG5lMIbp5wD9Oi4C76nyY58Iyq9hIE/kY=":{"valueMac":{"type":"Buffer","data":"QAbK+c6wzz1ZiNtpboYwu3BYt4/3ajNQGzbnUxehWY8="}},"LEI2OI4Q4vjXYKjZxZr3qkO9n4qoXo2wchjqBJF+vU8=":{"valueMac":{"type":"Buffer","data":"5zcVrH4/c+w3PebQXA/vZvMfldxtW6aMTpq5R30nSgk="}},"LKvVm2n/k2R7c2jVSThrk53NMNa1LnOiyVQHE+Nwgpw=":{"valueMac":{"type":"Buffer","data":"O8wE04AAmRAxjBaBC0a61L4xSx7wEG0c4EilSV5pJlc="}},"LtaO0EqoQVy+qekQ+zGrV4zYmB+k73D5QkeDOrdFQu8=":{"valueMac":{"type":"Buffer","data":"s+9uv9tW86O1e+9rgK4sciQEUTXajFWhKzFW02vuOpo="}},"MlfsW/smv/kqXTU29wz3sHPN4bkQMxolQ6RLxoyj808=":{"valueMac":{"type":"Buffer","data":"HsFu2JjmsB/iTFF8047zp3Jl/9wNYRRR46EKIErwgjY="}},"M2gygHc1g2Y5eSDs8VWiShYhZLvlxj/XZZKOhPxJEc4=":{"valueMac":{"type":"Buffer","data":"cw9RDPDnZ33qtXWG6C2eM8P6F/EH9LUTSPQuQW31JjA="}},"M5gdWGHtmQcIXKi9mqUT5kfl/+FIT6tuUqytOWTAFvQ=":{"valueMac":{"type":"Buffer","data":"ifm+u1lb8cFYolP1sMvmT2R96vR+ZHOWogZOJB8Bj3s="}},"NKG9pDnj1etozezEnu0Bg1qZcDNFuJy4HZum8YzFG2E=":{"valueMac":{"type":"Buffer","data":"ddytY/47raTVRjTNHapXikHvJ+0wBew5+w4L+x9fkm0="}},"NXP2y5FErvMZHxdKKl8TghAz9r50w7bz39RzC9diAf4=":{"valueMac":{"type":"Buffer","data":"mSGn0bCJhORC8j7k/3BNExtPQ54cqS8N+ogBK+XPijQ="}},"NwQuW/p32hRvPhekZMxQnz9OOdMxq+DkXOi9ZD34yc0=":{"valueMac":{"type":"Buffer","data":"ZbS1lraeMtEvDLTNMbaHmUiz+zZ4BlwwDeul5kH2xD0="}},"OjlJPQ26dWASD45usyxMAl29wnJLPlpl6feUCO6UcHM=":{"valueMac":{"type":"Buffer","data":"yuzi0KIDCpCwosekHIHFFvBz3JX7HTfrPtml4gFI+T4="}},"Om7Hqg/SPdwc8F0k8C18wY9YecqCVWOCIf/o84ssccY=":{"valueMac":{"type":"Buffer","data":"Rdw59i1S2LN5Gy73Wc6JIJzCgxv9IltjtuPvDb3IexA="}},"O+oU33FFjWuWbQ7qE6r0rxXEwAG31pLeb/2mtNrNLTY=":{"valueMac":{"type":"Buffer","data":"UZvPdz63wO1YfwbEK0NPMNwnpbZJGdnDZDpY28P94ss="}},"PByQEGwrjGsSaoradYf2k/piPYKmAUr1ei3PDA4SjVo=":{"valueMac":{"type":"Buffer","data":"RaFWW2zayyAxalPQzcivGKLrj8nX831ORlQ66ByOlBM="}},"PKg8WYLz6h7nW4FkAwxjdsEvLeIiVRAr5p6DqpZCOyE=":{"valueMac":{"type":"Buffer","data":"8qLf/L0TnUnXNOq8CBf8cJksr+LI1U2xFwTNqGROn2w="}},"Pb0kh9P1whkcetTSr72XX26tf+xLp2RZo9fJGisdPuE=":{"valueMac":{"type":"Buffer","data":"OLvdX2CWhd5kZMlmgtI845eYkbok2lZs5zYJ2YSOSkI="}},"Pn/vFGr/eT8VufMU/2/N+gmSjsPum+/JBhWshEmzYKE=":{"valueMac":{"type":"Buffer","data":"j6VINMu8TGyn0p/ceJ56MaC9cALAAguf1zfJWcWuZaM="}},"QEjgARuoCSssqm/PXffxTy0ma0G4iHi6qoKnTWsPI0s=":{"valueMac":{"type":"Buffer","data":"i+kiTNtapobet2VxoKtSu5Dazz4ba2wAXKBVLZzrYog="}},"QShO4t6oQ4ui2Fol4PhQHMXvQ0L+h+DpCu9GQpyY2Uk=":{"valueMac":{"type":"Buffer","data":"5oQIbA/ooNP0t6o6gsIDfv4sBu5CdWjh4Orn6zjEGks="}},"QkAEIgmRebaSrUWBpivhjqiz8GtPwy1bhR9WHP5fxmA=":{"valueMac":{"type":"Buffer","data":"fQYTgxKbm9YgbSoa9BEVByg1SO9Hh1RRttO19YGqP6k="}},"Q+onmajCFSRKDhB26M6RakiCXJfJtJ8srPZQ122N2u0=":{"valueMac":{"type":"Buffer","data":"WVdHVLGEP3oc9Sqvj/IeVje3lLR8UCprp3EvvKxRSeI="}},"Rcy1cwJ3z5MJqYri5T5x5l+HYg6k1TE7XUpgAYT241U=":{"valueMac":{"type":"Buffer","data":"+7Km2LVb1jhTCFxZ/QTi0aUTL6oHY3zy7Lm/+20cYNM="}},"Re9TaXlQaKcTsSqi7fNoWVizREbxQPIsSNJokxcEm/Y=":{"valueMac":{"type":"Buffer","data":"5/mNC2RAxDarUrhozxob8YNOC8KwsufFfdsr7fsetSM="}},"RlZmoyFiZxCjaIFLDJA0LM/BiBCkgVuNvRm3RkeDm9I=":{"valueMac":{"type":"Buffer","data":"Hlc56lLFnMaDMeaiWNy2bzB6LQvEB4nSB2dea0fAB9w="}},"R4ut2F7huU7r3L9sVn234W1YnjWc37q6pPs2Loqz5+Y=":{"valueMac":{"type":"Buffer","data":"NyE6Tt8jKpjcHafcjzE40DQ7oZu6YIJpuRCqtKYpLmo="}},"SbeE43w26YxlE/hfRrn8FyQJxD+dVdLpK9SeXT2o1BY=":{"valueMac":{"type":"Buffer","data":"z5ccPBFrf8334lmHtcQNSZ/CLtyvsnBM6FNz0keez+0="}},"SxfzDJyJFXTGFCSWUd9XqfD7XWvQsYv1VfJzPTR2OLw=":{"valueMac":{"type":"Buffer","data":"/1jL/HMROu7XBjJ74g8qztHKg1hCHHzh6NFYWS/ctAg="}},"TjXTje9WhLIMc3NmNRrfRcVClh+Ei1ogvJfyYwLY6Mk=":{"valueMac":{"type":"Buffer","data":"Vf94s+xoSXZCEE4QpIQ9zhbs8wpIC5Xz/ZK3emtOo30="}},"TwMsepMA4ZbcI0hI27O7oVU8JOqEZOyWheKwF+vVIsY=":{"valueMac":{"type":"Buffer","data":"mrm0tJdnsNnDWDYIqS6tLjTnGtlcH+xfxM4nydcJc3E="}},"URHbA3a9kQq4FfgjFvqc+O5bzabhTVjHo3e6rmojvqk=":{"valueMac":{"type":"Buffer","data":"Lp+HQqyunHD6RjJBH3TrjzGAO3Q7CiUWMND2fdvkvDk="}},"UkkbH8pnqGX71V1TV6O1wrpquZsZ9f4vXsTb8tKP8No=":{"valueMac":{"type":"Buffer","data":"MKJkmAAlvV3NsSvXYLkjSh4bnAdorxJr9YDbJ6dg5B8="}},"U5TohEJHLjWBAZKN+Gx/xeyXiiEbz4hKGFIYa9PP9ms=":{"valueMac":{"type":"Buffer","data":"YgXvCB3QYP0yrI63+k9Q6/1zQUMrjQepycAzgE0/udg="}},"VNUCzOMqY8aLAJXDc/1/L98jVYnzZ8gxIUGMhwG4aEg=":{"valueMac":{"type":"Buffer","data":"1AVarQX/I3mnL61N3MjYl21j4GXIRlzYUSpbcMpryWE="}},"Vyx+99J6qPHruWxq6cmJcLBHL6ZXeBBL6f3QWNJnWoQ=":{"valueMac":{"type":"Buffer","data":"r4NPZoSbHFlBdRt3/Pj23e4jJvVFnSbemhE0VZ0xAug="}},"V2pzRiCENE64fys1RlZOuCiPZ/zgM0LTvkKnzF0t7kc=":{"valueMac":{"type":"Buffer","data":"vBEisvJZy7eSREx6fukl4l81jMsz9UnL0Zcvc64O468="}},"V4ZKw5qesiNC1R9AhBavSVzyTxuvHeyq0JPDSvIj8G0=":{"valueMac":{"type":"Buffer","data":"YvhLPBnxkmtxG4NF8KZDEiQIHQwJ8BRAmW9yd/9Gjls="}},"WK1FAEEqrNbj8xw59MPrtZzWYqUiO7z4z93UP4ws+Uw=":{"valueMac":{"type":"Buffer","data":"Fz+94xpnln1co3RFDfoow1xMZ9ztjaSzxRwhhAGG5LU="}},"WWI7WSDUUWiUkON3z+C3cS7v5JAkdUBMB9t+bFYDFJE=":{"valueMac":{"type":"Buffer","data":"QLq7QiRAsHFh7bUwp/mc+w7BjEeYhMGm0mksqQVDS/c="}},"WpROS6Dr7UxcdxxhvEH4JO6WyvAODLuamqJP45sh5dE=":{"valueMac":{"type":"Buffer","data":"hi3rJhxo02+Vgw4OoSYqgQD6fl/pus1a/p/GJmaKHK8="}},"Wr1wrvyRwAuItKbEHYCz/fDlBmMNtVS1CJzhdkz8tBM=":{"valueMac":{"type":"Buffer","data":"kNwV8C4C7yNLWKjDWLueEeJQS1AX50DVi4ybthYWWkI="}},"W/JQ6Zb2yDaabiwGTLYeb4svNkhJe1ynyqt2b64mZ/M=":{"valueMac":{"type":"Buffer","data":"iZSXOPEaxrbA2vxtH6rXsxUXJQmZGhg8n4whZHE2F94="}},"X1V8kmNRuCAbLiXWjHVKEdVGz3gM/fQ83xzqxujPu4o=":{"valueMac":{"type":"Buffer","data":"o1h+eLEhhZNW0ornIh8eGdxOlS2cNjZSiDQmKrewrpM="}},"Yhz6xT+uPBIq2vsGR14jTGjYJDssC1G1gbOGDGMmb4s=":{"valueMac":{"type":"Buffer","data":"bictzt5iywiAh++FAT78kIqehwOqJn46h2A4p6TMN4Q="}},"Ys0EGeQcyBVoLQVO3oXILXfZoylckwhiS5k570wPLSQ=":{"valueMac":{"type":"Buffer","data":"s+EbV3nsYz6aYfq2SXYlJrCv0b0VTtnGpXVfl89dFe0="}},"YvKNpIJqhgByTvOxDxb6/e+UeO/oby0RfiQ3Psyw7aM=":{"valueMac":{"type":"Buffer","data":"s9jk0RTRjlYL1vxyND5jo2Y6yQAlfsV7M9htaQ3M7o8="}},"Y9rPv/ExPjO+TbSWord4umkop7BemCMWOB9v/unIMow=":{"valueMac":{"type":"Buffer","data":"tFyeO7QYaSjBLPIOArO8C6TzeBw25S02+GI/cCIo6XU="}},"ZAn2Ec8HbePqZ6SIoBXfJVaI3a/hS5Hjt24EPo2SvWw=":{"valueMac":{"type":"Buffer","data":"DUXWf9dbYNMpLjlzW12JeK4DpVUJgwyCuiacRM377Cc="}},"Z9mSzIn75bYOhZZ39DBB74arxvqdKfNicsVEvBv0Igw=":{"valueMac":{"type":"Buffer","data":"svleA7hU0DAXSb5d9hbnNtuIpzc0pfJ5vM5YuAKQ08I="}},"awT6hpAfB1DQBFPpWVpqhWJ8VrJsDk64iPXrPb0u0iw=":{"valueMac":{"type":"Buffer","data":"T3/ZtiBllFLm3YpNiGSisKG1RFWfNh7plgoiPnlLORg="}},"bd6J2+7G4ru610QKTOJnYZNU2U9nzBWwZyuz/jELIbA=":{"valueMac":{"type":"Buffer","data":"doNGTIij5M5ibZdNZCweYJ/L74haM0AyDsQ6qYXSoig="}},"bp3CA0yNWYXb+xTciJyTlON3kJjIcK/+sa/7ATmluII=":{"valueMac":{"type":"Buffer","data":"pjuhUfcm4z3S1TsyrNrnUb7rL5YlMFw2jN1AMdnk1hw="}},"b8UL4YyzbssYqEZWfLMQCi3x1hK7kGw1mUOLm1U0e4g=":{"valueMac":{"type":"Buffer","data":"0Y3sgmhfHbrrPdVeeRQ6S7A0j/3vgmXDRvGYfpMuaeI="}},"cB0AfDtH49Lm4cIJUe4ttTMOrt9EqcG4EisPa12X7Pc=":{"valueMac":{"type":"Buffer","data":"gl5egEUr0BVjg4d/dq5SKLGHfb2kp3C32JYOlPhEJmk="}},"cMTWArXv00FJam3U2zIAXhw7HmBotslYxhrtYDWIXds=":{"valueMac":{"type":"Buffer","data":"BNYvKXgwYqa4cZVICyfBqKGYsg9KQpAHSeJnJicZO70="}},"cn0k3bBQi1RgHLHyrpHv57J9C2cKkKvS/Slq0b6V8V8=":{"valueMac":{"type":"Buffer","data":"8SbCcDSeS5u0AvC3TQJsz8JI7gRNzmK+pqrYNJ82BbE="}},"czVCOnWtBtuz1JUfT31mmIKZiz79qbiNocnNalZc/Q0=":{"valueMac":{"type":"Buffer","data":"13gz2vmt+QUIMdvgh/kNQZAYYaVEfpTQgyH6LGOiS+c="}},"dS1+I8gVdIXMoQuFJiWHUwT9AJlA/idmnNKf/pjolC8=":{"valueMac":{"type":"Buffer","data":"TlRFprEYbshhT7aNabU4qRfDHaPZ8y28cQcYKlClPXc="}},"dcOAd429zXfkn8SU+sG3ZJPIdADgSUdqH4/PIf57cOE=":{"valueMac":{"type":"Buffer","data":"Rgg143t0eyenU5o1bqnqETmaGzfjz1gGk0DySywasao="}},"dgK1FSdjJcrb7/DHKv3AuCTsuOcphT/Jgaq28SNpNBs=":{"valueMac":{"type":"Buffer","data":"nsHPnZW2LCRnlCDqWpV57dV0JlQytiqu/400iGU8ivs="}},"dqnnz84EWYAU6M+/n5jxagu36DHMMS1ULGBW11sKI9Y=":{"valueMac":{"type":"Buffer","data":"QCDJIECDXWUVBXtnpOcBVDahpkkZKOU/sD3ypOhxed4="}},"eK0KkzVAMXHIDFbLOfTaOqPhN9YGoEVW1R9yR9gcWKs=":{"valueMac":{"type":"Buffer","data":"RxZR2RfMH+IMK3aZhYBCczYTBUIDudTxKZVRjHf2rTE="}},"ecl6pTQiX3wYtL8ITvhw3bIuevEgiuBLqFJo7++WQ1o=":{"valueMac":{"type":"Buffer","data":"2pY+sBA1pGA9Ntj3Rn6RRiOQzJxIDFxfwUP/xlMrJ2c="}},"elnptHyiFSGs1NZTYjrYXrwjE0u++6zLYNzQgqzkUEE=":{"valueMac":{"type":"Buffer","data":"PWArvPqaI/jpXG4fg5eWhHo872eROqhp0v6PFWCZiio="}},"fXVkQwYPaTVtxUDMI4yozyYpV52dT+ovSiZWWnV66HY=":{"valueMac":{"type":"Buffer","data":"8RnzeJNWvNMaxDVEMSQqn6aJS8OLWo0jg3EhTwsiFXc="}},"fduTDKeRiM2d31NPm075IJwxXFt95mLiKKdGP4V4F6s=":{"valueMac":{"type":"Buffer","data":"kjI/gM2AVSUhjLPPsV7YSAPOXaZfPMD4xyteUBu0Ox0="}},"fiTLyWbJHF2DxC3SAXjYmd/31z3bUWALpKYPUrcr3QA=":{"valueMac":{"type":"Buffer","data":"H5/DjPlYosRrjd/Cw7yO0UhtyoeKVjoPeQh2fFoz+Ms="}},"fk+6f/vA2rT0K2hIPaQhibdQCnIymYCtxu4RdT7u/9o=":{"valueMac":{"type":"Buffer","data":"OHYGlTRPwneqGq9nv8NIHu3b9cJ7E6jnvFSZfZ9m5qg="}},"flrSI9RNIpLpiiBJ07uSe0/erhIowrNvPF7YhuKKK1s=":{"valueMac":{"type":"Buffer","data":"Mw4WtBTcefCT40XetUBfRBN46lM3pyKYQuKrmD5w2cA="}},"f+Bj/1yyb6MEIGsbZ3q21dxtZxnwCzZhnH9jEQKs5B8=":{"valueMac":{"type":"Buffer","data":"sijtEcINPeNsnVzq3vlMlUYIsEw5zB5U12qtTPbIHAQ="}},"gYIFI5VNAjmg8tQNKg3Sp6QgEztDg7NX36bx7K+T67Y=":{"valueMac":{"type":"Buffer","data":"odJWVH8TgzPZVX++qYN6Qp1ZGyL0wJVeTvGmeBsHFaE="}},"gY2xtaps/Z3hxrkzlkzbABo49RMNdgiIkyprBqcKOIQ=":{"valueMac":{"type":"Buffer","data":"YA349GlBUe7coVg8rLE/9pevzogqcivcJGw6EP2x35I="}},"gwR62VFuW5UsORtK3kM1QVOrP1mG9OK+QveI7uYOCZk=":{"valueMac":{"type":"Buffer","data":"q3YCvufgukstzeT9OZM9bfrYuQx9WfwWFkR5GoQKTBs="}},"g3Sg5BABFw0ZMdKLPHXJ1cw4uCFqCqpVOjSLBdktbNI=":{"valueMac":{"type":"Buffer","data":"UzGSWl7lg75B2Vb+sx1hCJ/wEOoMNCE4zoe/tiqMork="}},"hJdsk/bjH4bhwZc7IRA4uON5f/9HNKzPkGOGnJDIZiA=":{"valueMac":{"type":"Buffer","data":"lSilLTvwME15N+2ZTHKWB7vA5owUJ7QgixWRUtgRf1Q="}},"hXRSEboSjr5d3u9Lu37W8HoOuQ04Y6GWvwg+S0JLZTw=":{"valueMac":{"type":"Buffer","data":"segvHzs2a0Jwd0JcJRgzJdskz4C6Iv4IXglu5b+/Heo="}},"hbHqOFYR8NT8bigDAdYjsKyADx7GKXfnXinDX780RQo=":{"valueMac":{"type":"Buffer","data":"Ki5TgdxVKPCBAtQXyZyMcE18exu7efYhgP6oXOToEnw="}},"hdF5yu4oF2+aL9QWoMzNDImbrABXQcPipgA999TFq50=":{"valueMac":{"type":"Buffer","data":"HkfcARByGxZalst9uYv2nNAYGRcS7YkkYjt8I9zrWcc="}},"hvwXjuildx2dAQLqpSE0ltAA6hj80NKg7TppTSTkR+Y=":{"valueMac":{"type":"Buffer","data":"JAQB+R2O/YPefPjR95dlsk/ORVrn5vxY7NQf/LF+Dm4="}},"h38ExnMKia25sOa3v4bCc2bSp43arjOiwTj55SI/y4g=":{"valueMac":{"type":"Buffer","data":"SJ3Q3xR+FiOsG/SgmbzZWgCrRRZObT2LFiWhq9aNSSs="}},"iMicdnKgkoHNef6+ezqguJ8pHGbWN4CbrNTDoN26sUI=":{"valueMac":{"type":"Buffer","data":"vloz9qMHTsmiu33w6mQgpn7hAb6xQet3QeX38QnQKg4="}},"iVpWXTSQP4WsJeN/1UqYCQ1u+v2ivJ2zIrBhr6jYnac=":{"valueMac":{"type":"Buffer","data":"TxHVa/juwfM4nWhcTLGiBXjC3EYoDdByhuyvSTHh0KY="}},"ix2EGV13r/UlmbmtYmfY+4YQMSqKkaBmDuk+kJLFa14=":{"valueMac":{"type":"Buffer","data":"dO1nacBNBjceoChaVxZeqEFYoOhtQqjqTI+n5q+18yk="}},"jRwEXNdpW0GG6mcqOzdfNKpZE4+hZEaCKkjZ6uQDq7k=":{"valueMac":{"type":"Buffer","data":"7cBChBQmaw8bMjyLUMUVFDllVZy9Bxzm/nlwUQWpLz8="}},"jqKDaLWjSkpfyFEjYTppKBWQxIvXlJLunAhP89zQvg0=":{"valueMac":{"type":"Buffer","data":"Q8C3Y9FRqznAWEPt16RLsKkpvjJctPeCVoGJkawiaKA="}},"juLplX7X+EtN6kcWIEY6PrnVrOZjPDbdVJz82S4A/Co=":{"valueMac":{"type":"Buffer","data":"XySigwz4L/G57mwHXpevSAFSMcud7h/2YiKBVBuwPvg="}},"kK7eoMEKABGDuc4wMRw1KQ8QfYKHrn3IugqaMrhCBQ8=":{"valueMac":{"type":"Buffer","data":"RnWEJJVPKGrHba+PzataJm95Rz845/mRGcq1iGxR/wg="}},"kLwz2hspGMzxiU9GGdTl38OkPbzSJDUlmA42TA+a2YA=":{"valueMac":{"type":"Buffer","data":"b/ug5WVF4SeTIeu5LUu4Ai5bWRtUQT4+8QX/cUMYkHk="}},"kMX4QFJ2DLVNAT9D7gytMboZNFb+UbPaOUQYmd0IxIM=":{"valueMac":{"type":"Buffer","data":"0KZv4kRgn9qH61HDpl4VxktRMcU9MqYW4uNV6XFJpEw="}},"kRl5AMu5jMXrbNIZBmppJAQTu7PLIf3XAujVKkTBmz8=":{"valueMac":{"type":"Buffer","data":"+LtQaAIW1pnG6B2IU4pT08C4yFXmJUoccqpahobepdU="}},"kVg3CsQrrbkbiw1+XaYJqyYOAYNYr7wBlhTQJDMJPdM=":{"valueMac":{"type":"Buffer","data":"Nvyka40FIR2NUhfZhioYY4DoJz7IHfzX1FOpAno6YDI="}},"kYRM/18Ry0KED6otCRf5zQMjd31xpvYDu7HYUEe2qZk=":{"valueMac":{"type":"Buffer","data":"FCwIEiuvIJX2pdJcjD0ynT4cNhfsffnlSs5XfqJQpJ0="}},"kcI6mvvSdHJ8b4jro1NNuf3xAN+fSaF6v4GyDPry/HI=":{"valueMac":{"type":"Buffer","data":"AI5wpaiWqNx6xp+/gPV26iPPIBXwiu/sQRKh5Y+V+Ao="}},"keswBnLB4M7WCDoBctTOZW6O/C+4ncsbHz24rE3mod8=":{"valueMac":{"type":"Buffer","data":"dQwu4T7KUXUJupZGiP0W6fdjroGVKAZQttwmTpmDxYc="}},"lSDWShNrl/a03AH5R6rVV7NS78pepgNCwtZK+P2/vEE=":{"valueMac":{"type":"Buffer","data":"e1Qm5c35sqGG+kmG4SU6ATa5HAj59JPNfmK35emkzdk="}},"leKjS/dIPDLuvl9CTOf5U4mb33eoRo0XB6f4iqrDOQk=":{"valueMac":{"type":"Buffer","data":"Z8G3OK8MhaIAYkgRbtXlFA5whVQYzN2fH1CzBqZ82bg="}},"lejsrSqApMqLKQ+nPv5SveUi8NbQcATB9uHsdmINlo0=":{"valueMac":{"type":"Buffer","data":"odl/4TRPFMhQ7GAyLYJ9TMGivzyMQKX3j1jc7BX/PYc="}},"lxe1l2sT3nrjMlks2e4zqjcWSuTTQW4gDuoO15LoFt0=":{"valueMac":{"type":"Buffer","data":"83+3E5yKmXqUmTMGSLz3K5vQTtpg13QvVcrSqYrOkUQ="}},"lyLgL/Ontk1vjPoEmhnhZ5p/7w1KMYjBOYccx0ia46U=":{"valueMac":{"type":"Buffer","data":"6Y2VyLGBpHv2gJgG6KsSX69gvheExJii0jcWglQ9gQs="}},"l4f93eEU0qr8rEM5K29YweQdEkupW1aCihGhjsmsX3Q=":{"valueMac":{"type":"Buffer","data":"TIsA0hUiuNzHe8F39fWsSTiuB+xn9RxfAHzM0e9Hmi4="}},"l6xXcHkB29qcnYyEvNOutQONxmANVao0CCQBwJt810c=":{"valueMac":{"type":"Buffer","data":"BDb0w7MczAdo8We3mBA/rR+1MtZbZUHEl2VoMGdrOw0="}},"l8CJzbJTyS/APaeXQkD5r6dBL1Z/RSWPEwBbq6fHICM=":{"valueMac":{"type":"Buffer","data":"YpWNQ8Mc5u0bv7J4CFODaU6agWgBjhRdxqT+kCEZ8CY="}},"mD7AXwoex0A3TDHBPNaksBqvEKg4k+IinVupy4I7ZE4=":{"valueMac":{"type":"Buffer","data":"pGcxpkmDEtaGAtojVn1avioBOpx2UeT+NfYYwlWeH9A="}},"mF7s9WmQW6hHSjxeJGSCJhnDsxJUYxAka6Osl4Q+ta4=":{"valueMac":{"type":"Buffer","data":"TtFzOPeT7jxpvs7XHb22BjjWOgrmRMf0NGIygIKPaOY="}},"mQ5iyO5iwtJtOE2+nQjpCcEZX+h2KZcGmOl3aqeYiRw=":{"valueMac":{"type":"Buffer","data":"InLL3yTVcX3wrkJJ3m4cfqM5F7U96xkp5NC38/7bPZA="}},"mjv7hDdXUWgAuUkSzJm3VV/8/0LknGMmQgMvy7POr18=":{"valueMac":{"type":"Buffer","data":"5dwCvKt51AZOJGlM68RGSaCuFyFtX48hbekRVO46vOc="}},"mmsvn5NceY/7U23V+GabdeBEhIWP6gQ4wsrdOY8HLp0=":{"valueMac":{"type":"Buffer","data":"8umdDMWQNksPqjbtZRqNMyQFYeJo8KZcRGwRxj6W56k="}},"mx+MGMMhN85FZLG/tpfy4XgfMPAgY4U+j4Q89ixOE9o=":{"valueMac":{"type":"Buffer","data":"Fe1jMj2kR4aZlZpL/xcmK5gT45TZOMk/vfdEVD25R8A="}},"m2CxhIskBzxrjoDTEuDl98lCKzGuC5AwgOTQwi6zVx8=":{"valueMac":{"type":"Buffer","data":"eNqNMowXd6K3ZC+7BdXPNAseRYu1yOD9i56bEAkTbsU="}},"nCyaf3K4DxD1VH1HwULySHTBJqnO0JRkWUfhK+yKGlM=":{"valueMac":{"type":"Buffer","data":"2tf7DhJBctHUnWfno/qz3iYf3w+vsMCvl80XvD/acvA="}},"nOaWjLvPGB3Y2zRsnOj7soi8fdbHlRsLV2csgAnwDgc=":{"valueMac":{"type":"Buffer","data":"elzk4OxTL46LnDePRgOQLNys0q6ugiw8C95slLFY3sY="}},"nVMD6vxOv0aXlEkVdKzy0rs3Kxv4pnmnmixocvCF4Pg=":{"valueMac":{"type":"Buffer","data":"889Srs6GilXhUYm95vnpyp7ENImt9hTl9rbu+KuIFPY="}},"nw1XBYKlZ2jE87dLexF7vO5LFzNLtzvmrTaGkXE/SdA=":{"valueMac":{"type":"Buffer","data":"0ZwRc6oZrEZx4unF5VS7LSIR1PGB631klo4+tkqRxj8="}},"oI5moGHZ7RbtMp2vnrC1jFlph/JfWaZ52ZiSkc/VIIA=":{"valueMac":{"type":"Buffer","data":"h03AduZtKMhbTdcVnrKAXiGJKqFx1+hiSrWQSDR8EMY="}},"pBbQPBpD39mdh9Bl4g/5QF/eSwY4yUm3HjX1Ux6ZxdQ=":{"valueMac":{"type":"Buffer","data":"tq/v4PsbttG28xepaWGlbLR0B4xpLzMDVSnR59mvqJg="}},"pK+2Lj20Ga4XzQS0YZJJBl4+QPtvZEhpYSg6fOHxTuo=":{"valueMac":{"type":"Buffer","data":"E8+FefshA4pUTBqnQ/n0yKjKx9RU6ecScsXFxujUm1Q="}},"pq2EKMWjW7nsaUqLkOVfRN4cYautJodcOwlyY/IO2go=":{"valueMac":{"type":"Buffer","data":"lrpBkZKmEZFYnAtYcYOWGt/iBHaoyfFYdRtkXiG1f0k="}},"pxaOC6CBnb+Fk0g0NkbPoXcdMfiw/IylIqJ2ezqCiDE=":{"valueMac":{"type":"Buffer","data":"aqp6YcoE8iQKl2hpkahrZs6qNw3sJ3xnZ344cGVbdlI="}},"qDtubCRQLMVBfx6C8qz0MaYBKgsV57qLdHWIznlpnAo=":{"valueMac":{"type":"Buffer","data":"g1U8JbEuY2i13YMcKI384SKuSmXCPiHXaTrRt2shEY8="}},"qO1vIBVtTTE9vdkZgDRJGb3gbmkNl87gGYaHnCNMVfc=":{"valueMac":{"type":"Buffer","data":"sCHetAWfxGbO+nemx9ZL9ZvfNJzihQzbRkbtDtSAIAU="}},"qliMkAXkDrdiD/1ZLXQmiLHxbKFz8+nqVCgAXLCbEN0=":{"valueMac":{"type":"Buffer","data":"6W9yu1zQnw4sD1umVhzEKmqzIKXOAqemgmSoqz8qLsM="}},"rdSKWzIXVpdTNI8YPO23aumzsgQ2b5VVPdelPfpfY6E=":{"valueMac":{"type":"Buffer","data":"NApGN5H94kZKSRJnXkXmWEyAZVH/fwV2zEkevQSW2HQ="}},"r0JNWEBb5y9kZdUgSXx3KFmEyOWsHYkvZO97LC5t/nE=":{"valueMac":{"type":"Buffer","data":"D793/+PRsZU+LC7OQhfaPiIe6yrdAvEQWp9sMb/Dylc="}},"sI0wobgk5crl2195K52GZEFbFUcqF5IA3+u5xYlds58=":{"valueMac":{"type":"Buffer","data":"rA+VOLLbX/Qntg2egqNc5AwWGOMP+LmQ5Rgdc+W1X9k="}},"sZdOrq0k17j8Y41RhUtpNuGBvOJP0V3OtabwlBmos+E=":{"valueMac":{"type":"Buffer","data":"UpUlKgdRCb9NHaQ/OMinrSbf5ZnTMuM8V2r5TpZyHxU="}},"soOv4ySgZL+flndM2Z9kKBn2ZSwa3RIHWaYcz6khnWI=":{"valueMac":{"type":"Buffer","data":"VXHtWbfdiNS0bK48Z50+CZQysNf2v10vy/gY8AAWUQs="}},"stNJ7sMBGYqX3FDoUDzhtyoAe/kFBtUbEoF72iIsooo=":{"valueMac":{"type":"Buffer","data":"NKE6+fK2PEyHkDhaGKsi/Gj03HLgcTbbrmlpJeAghAw="}},"tRqz5UK+elBaGtgneJHOO1/mORa8Ay3C4zmfwNlEh9U=":{"valueMac":{"type":"Buffer","data":"YhuLrXE1+5UyKxR5Hsh/ARdmwCWUATVBOWkGcXduYYA="}},"tw5ugq7ELXgUNBmILk5ynfO/k5aWmp5hs3wk4yAl2p8=":{"valueMac":{"type":"Buffer","data":"8roSnEWJu+oMQ0PufCMD5c88osJAAHyVSe/kolK4OPk="}},"uO4fxH5A8PMjYlnCtS4CGG1ly1FGLkQfuNHFQPVImbo=":{"valueMac":{"type":"Buffer","data":"41ECHaeSqVWZaY1AIMchZU7RjcdVBcqFlH51NQ6Hk34="}},"uXtYpOCKWQAQqDCEva88i3MMLj5RqmqB6LmSNOXIT14=":{"valueMac":{"type":"Buffer","data":"xlKFNVy9yW0O844FL61DMwEVhGWZW6Ojg/OeN5PScKs="}},"umpP6W1c5FMBFIuH4/67+RQTwmGUVsfmVTGTzg6qbGg=":{"valueMac":{"type":"Buffer","data":"72qAg6jYMIrR4Qdq5YioOObXcDjcIEeNBAK1aGhV76g="}},"u164UhdL6ShL3H5FQhB4HFJcVjbaOu03aABBG0gXsSY=":{"valueMac":{"type":"Buffer","data":"T8uTJCqd3K9/pj/xzhcM2W5Q3hsaG0zQ9cKzZ8uB/pw="}},"u4rlgIzzoYUVAlztiW+DwTeS8whjEAEcbIxIjaoApFc=":{"valueMac":{"type":"Buffer","data":"9rYyyNVIBedvKDu+DrUK1tSQMnCH+2aRxSCuySzAsk8="}},"u9JeZWSX8LySNADag5JCsZhthVt72Ewu+9I9RnJG8ww=":{"valueMac":{"type":"Buffer","data":"4R7hq19O4ZcsbueF5OzNQqrAksICoczrY4iNgBgGM6Y="}},"vmsYOD4mja7/S8ZSXfQCpNlsCnC6FROkFvwNDSySgfk=":{"valueMac":{"type":"Buffer","data":"uoGF8qUNx2EG3QHRWRjMQiF5yqkXhDg5KtUOOAo+gPo="}},"vnAWgx+VLLH2RVPGqAcjQNS5ju/OeUZ4FZ7ks0eAbhI=":{"valueMac":{"type":"Buffer","data":"ywyQE+vtVteUyjNnNIFNhwzPacAaU2Ssdq9fKa6iVss="}},"vq3u1zDzf4I8NyX/VL5p3NNkBGvSy7neKh7sKHy8azE=":{"valueMac":{"type":"Buffer","data":"rhhuWe46c7r9wo6rGy9W9JxFOWBI1+fw1bXGXZvRiFA="}},"wB9Z7yWUJn2VYKNDx0y0j7cUWsLtDu+jQXxbB1uqKV8=":{"valueMac":{"type":"Buffer","data":"ZVEozQ9o+IMpOkKRzfaIzghTfqHtu5TnDdTIaTbkqdM="}},"wFBT/xw3XxGc5NHoPN3EgoUtqNqUP+dK+lXFa5K8Wfc=":{"valueMac":{"type":"Buffer","data":"xmMhtWfpD9Z/P4PYmBjapN0QMIgzTWAMIVOtVieZOqE="}},"welgSzIYTgTynpgNO+i5ops0cTo6FUAbaeLTTuYbOZU=":{"valueMac":{"type":"Buffer","data":"v7n8EXVXXFqNvkAc/AJluRTk1uNZz3h9R2hIKuGSojY="}},"w5uRgP6bYg9v27g2TI1mgzws+OK5kB32gbr0f3MLLEU=":{"valueMac":{"type":"Buffer","data":"fjF7V19tZ535nv4ZlSD7a4IxvIYseh5hFvZuw1sfh7s="}},"xabXEZfCSN99adt8hUFyTdrG//vdslg2gQ14XuwFp6w=":{"valueMac":{"type":"Buffer","data":"AUC2J7kVQAzk4i+j3ZBQzuTw2lz/34gnR31CGU6Tz/c="}},"xyoP3G0LPNMY8/+W8G2xQbSemH4qYhr1FZWRbmz7KSc=":{"valueMac":{"type":"Buffer","data":"qesznCw2T6ygVWT31puhQX0EbvTSOOv5MdYn9/qDXlI="}},"yRTx77cmcVGt9j+gdTXwAEgAlhGqrilQTsLc+G9RS28=":{"valueMac":{"type":"Buffer","data":"7pgeM5L5//aqI3H5pXutqMVqpko8rEX7WbQwLSUotZo="}},"yfFXHdrYpPEQPbqCt1Q02JfJk8IgNw+hYylnJ9BPRxk=":{"valueMac":{"type":"Buffer","data":"vIzBXX6ccfmaCGFC158hJ09WPQ7QprYqSCv7v20DbNg="}},"ytQlt25UKdOsJUhvDkriptAZUKsUfZecKPh6YbViBHQ=":{"valueMac":{"type":"Buffer","data":"DLqaKVU9F/dbS0Xm7hhYEQ5VI6VF8i/SEw3j5QoA/kI="}},"y9l9Z9dFH2Rx3ExbM1o0tfcHsFgeFgiap2eAj5po4U0=":{"valueMac":{"type":"Buffer","data":"oFD33LRPGVSGmmTfrNFKgYYWRjkt5sELAaxwu1xDitQ="}},"y/0n/CibrXnkhTUP+Oc/ZLhVTE0pSj6S4ncCqqXGKr0=":{"valueMac":{"type":"Buffer","data":"XqujOlyJz5/ka//p7ceCNUfUD/DUs5m+bPyAQ1sIihE="}},"zFUvIVGUwm1wlb9EFn+gpo8hxxyJoXjdd2XfYnxI5lE=":{"valueMac":{"type":"Buffer","data":"teCoz3v4eN33FrYhmPALJXYOXoTGfSpWIOHeuWS1YbM="}},"z0M4pHORzo+NyN3i1ajkCkK06KsNgv3LU403OAEVNi0=":{"valueMac":{"type":"Buffer","data":"mv9CRW1uo/nvZSM4ycQaxSO0EaStXG3P+c/UHQSUxFc="}},"0B9a2P12vH9OPD98Zb7GYEt9zKwDzHOeGh+JIsqmEXI=":{"valueMac":{"type":"Buffer","data":"+nsuDhO+nIyZiLwiHId6delVn135WRxkwcRbIMJKuaY="}},"0SR4BjRIS76kTWo9Vf0IzUO4pjXS3UYY2LjfaC0cMko=":{"valueMac":{"type":"Buffer","data":"5/04FjCXoWqk7wGPJg8GKMnpHU8v4A0U5pwvZnw+PMI="}},"0y8Z8oPICcy+uDcWmy7z3fEWXlMZqdLfvrzqeDfe+PQ=":{"valueMac":{"type":"Buffer","data":"Ds2DiIpvJB8CqK+T2KenjAMbnzTkJI+cr7e+OvuuUZY="}},"08jJO6IOEVUwrx/3AHlf/xpYBH6PJPxncVtRmlyO2o4=":{"valueMac":{"type":"Buffer","data":"tp40NoQHMNCXsX1RrlyWDxgi6HtN8fR7jX9VWksx0SY="}},"0+IvNTDS2ZSdp0KtwPKUIom6uYZRLVefOoszm6EDtQw=":{"valueMac":{"type":"Buffer","data":"W8L8DgK8L/5xuM2iRbEIKcpRSV59Dcn2s+Z1+Ax0+ls="}},"0/a52Jk7m3BqX8z+nyD2O/EcyhykuBUPn6o0XjttSjA=":{"valueMac":{"type":"Buffer","data":"FIPa/PotRbJK0Hbu5p9Pz1u0oxgWGp22ghLjjtS04oc="}},"2GKGS0+eXEoOaiAj5VSkGXaHpg9InTj/g8SwaLhzUYI=":{"valueMac":{"type":"Buffer","data":"36InQ0RmZDjl5irfsgq4VerDROo2DW9/8lyjY8i6qec="}},"2Qrmol7AIMekoOwiyGJLF5yJ/QJlY3QQMVcWeKRvRFU=":{"valueMac":{"type":"Buffer","data":"L9e2gvUCBNSOFGlvoNSpBr1eaQ6g5WY1tc/VOMQNY/0="}},"2R5ceaQbMKzAU6naXJa0LYIhAGICoIZBH15c7lJbez0=":{"valueMac":{"type":"Buffer","data":"Bqhpe9mGu0ezmoA4B4ZEdTZT2uuC8K1oUnqyntUfVAY="}},"3O8OBsqIhVS+0SlDD3f6xyphEMwyAK8oTWUbYHY88ic=":{"valueMac":{"type":"Buffer","data":"dGDEXjwT3L82zGfKOgYTnhwgR/EebnXJI3VQWaQ0B5E="}},"3oexZhpaTdHuVboswjdvp+B7QEOjta8zvJ7d9i7Ua4c=":{"valueMac":{"type":"Buffer","data":"jaQHi05JjQ52HecsgWmXAKQ5DKD1irwb9BUk/5N+QWM="}},"3suXgISLD2gmIqe4kDnZSm+3ZFdSD1zOz+zmGjo9sLk=":{"valueMac":{"type":"Buffer","data":"5YG39oBc+LEsWuCXALwOeSAkF4Vp2HRxXAdrJUK5tP0="}},"3t25NC/ZeUFrd6QRaBBi0I90Dr1bzfZR+rxX5W58NTA=":{"valueMac":{"type":"Buffer","data":"CEgoicO0mUac5ApUwuxBfpM8fyNTq/Qpq7Mmc0+VVp4="}},"5HsDHKZSMD+0mnoaEFAQ0OM3jWy7aWbuB3g8AKAjXSU=":{"valueMac":{"type":"Buffer","data":"egFtbqTmDWkZT9KyyAot3QYO0N3IXA/uR1FTScKlJjs="}},"5TForPAr596fp0fPLz1JbTObaZV+oeytpCZ6jWCKmbQ=":{"valueMac":{"type":"Buffer","data":"NvM5mOVm+7XEkIFJMr3r1/1gw/98jF0wTSUHH0XcbzM="}},"5Yi9sF503h1WLRXwpuK8ox3gcSxywNfFrb9Dqrlbsa0=":{"valueMac":{"type":"Buffer","data":"wcNhGzNwdsynKX1vF03IwRzqiKlPSS2Cjd8dwssbB9A="}},"5fAI5jxmIDk8AaLL/CUrQEtaoxzsBbfd54ctDnCI/S8=":{"valueMac":{"type":"Buffer","data":"a04ndiXOvvHYiSafzj2J/EVPcOqId2zZxJxGMFEaF1c="}},"5szbqJR4/wL/rjDJLlexIBuJd/BDQZjF2SkPykK18UA=":{"valueMac":{"type":"Buffer","data":"nkVes34saHJryDAhYSiCeLqrtfBk9UoZBsC/54lCKjk="}},"6MryCEs7LlQ80Nd56tyFK2wT7pSqKEUlfdJ8m4p0kr0=":{"valueMac":{"type":"Buffer","data":"BEPirU75h4klJ6OZXgrvzTwRMNbrXzXDvUKQBULSh24="}},"66ZBM6Ur5AuAvgsCziKYqQwDN75BFgILl6WAte5bD0g=":{"valueMac":{"type":"Buffer","data":"LTvcIaA0O/FFL6EQcCDeLOczyJysTbtqWZLZkO8izHg="}},"6+Uc9mjdwOfYykChPraIvjErhWTSwqzEu9zxatGnh5A=":{"valueMac":{"type":"Buffer","data":"nhM89bAQgb/neEGrsKde1+hANTD4DYLh6g5i2K2JUZ0="}},"7qatVESFOUW91bZiKIumdV4QTU4UPeytriQqo3Q7tRE=":{"valueMac":{"type":"Buffer","data":"YkF4XTlobq2TIkETsz6TBHgs941Sy+l6zMP50MMtdTs="}},"75t4oajkhyf1PY+o+SNsTv0K95RzXnBdO1OwnAfAjos=":{"valueMac":{"type":"Buffer","data":"KmNGEs7jX7czDDozPm0vqqKAy2pBN8EiA/qUnADGxQ8="}},"8Csj6wbVeSHgF8HwRdyub/ZrD89XAR6JxDLGF8NY4iI=":{"valueMac":{"type":"Buffer","data":"IKOGpjS0FKSzDFi7k5IyVSLrdlpF2JQLw1iS+sFmiiY="}},"8JFntDuPL1zbJRamPEkCxVb+V6RL9xMRZrSqjuDAsHk=":{"valueMac":{"type":"Buffer","data":"E0za/pfwmhXQInt/io7F27su0yCrxNucBe3iABab+4Q="}},"8hArRjMGKhVY8MJ/VXu7ANMvNHWQJzXjrNHYtDih+D8=":{"valueMac":{"type":"Buffer","data":"TjJSW/mtb9bMFo+qplJ+bvwB9U/s/X3mQH+xs2pw9b8="}},"8honW5QRIGVWfXcTaIKHgiHBrr7HStCHDYZE3Ya5F+M=":{"valueMac":{"type":"Buffer","data":"uR9+TdDfo3EOrBdS68yKokLP58qcP12PhK59mULCBX4="}},"8wIWWmB+XGPmZKqPVYJ6tG8US2LmnY1zHNEfbib/jeI=":{"valueMac":{"type":"Buffer","data":"qFlnXr5VNhwxKGxOTr8kTa82Oqbc3O0sIqaXT2WUarA="}},"83Qe8g+Ta7BCw/CPRwiWEfe0Nj4ezU8SoE7R0HTOhc0=":{"valueMac":{"type":"Buffer","data":"cK3eoh4bsj+O/b/zF/Ak6+9tG18IMVc0aG9wrXC1hC4="}},"9SDt045nSRTjprh/xu2s7s1QrUZE2j8vdXZHzL9tPgE=":{"valueMac":{"type":"Buffer","data":"wfMXAYivqLP5KlBomxr9wyktVCMQbxHvNR/Jj8pmZgE="}},"9WR1BV3ASUW65uqjvGzZb+zwoOMryz3s7ca96NHuRrM=":{"valueMac":{"type":"Buffer","data":"rZ05jESQlUYB2htBv7aaS13017YSx3DH2OHn3ULPQlA="}},"+BX+J2BPH+9f/zAFPYY1nrDrgCNgZYnVZPCnWhgD5cQ=":{"valueMac":{"type":"Buffer","data":"S3YEmJiYf5Zop7cdSpFFkG7ttRuEkKxtdLSYedYeoHs="}},"+m0puiJzElCOdlzml1hYdLUMa/jhnE9/13C0Wdijtok=":{"valueMac":{"type":"Buffer","data":"eysN6pZVE7D/B7AkOUKKwK/yeIWKdfZM5OKzlpsTQ7Q="}},"+3h8F/+eRgRsvjX5JYiPQ4DohPqJa5wI8FC/e45LxQU=":{"valueMac":{"type":"Buffer","data":"W2H+1lou7GBM2Vnv0O52QTyh59xj4IQL/b+RS5j4tTQ="}},"/UUBrgtoc9AR0MaWBtfoUtiF/T+pcJhVbHnWNQyWq38=":{"valueMac":{"type":"Buffer","data":"KWBPTORCbaxyhgj622ayFrgAgzQymsofmMteKkHRGT8="}},"/e0/jm4zmnAfOlEwilNdaEm/xsezPpxQVLpKgeDUggM=":{"valueMac":{"type":"Buffer","data":"zMkv2ZyXxU+oXHzndGGd5t+kcjUWmNt7joRgtf4EJxc="}},"/vorP6yGuucnSFfP+Xn4pROhL/Ro8LsZZWUT8/4GK4Y=":{"valueMac":{"type":"Buffer","data":"hf64UFPCAb0K4wwIfAS5B7o2N7gqrisTlQ1ZSDVprcg="}},"/3aHlqcnlg/Gn4zh3GYE4FQEskcGbCjrz+YYBEWHk30=":{"valueMac":{"type":"Buffer","data":"h8TmDeWHn0+O55AqLHC6qjqAxTBfgJhXI7fiUCxy3K0="}},"e74pfMxob7/BeMGAvcD2Qb0Ik014VzTvV5QaXBQakds=":{"valueMac":{"type":"Buffer","data":"n6eakkwcK20LairQW6NNp3ESbm1IaYkYn6P0eQbQnZg="}},"usjfFfJrsoYjvKR16cCB55hXDYjS8+Ka8FehST0q8ls=":{"valueMac":{"type":"Buffer","data":"vH3LvG+wGTrMVPtPU9fgMj9kvsnxYrg6A4GNpgqmFpo="}}}}