{"noiseKey":{"private":{"type":"Buffer","data":"cClogLg/mT4exfrFXs0jcJy0FvOnErH2wGc7vnddtlM="},"public":{"type":"Buffer","data":"ipRwHKyPoEX5vF49D1OdkZtKBviogxh0v+jrYcJGtRI="}},"pairingEphemeralKeyPair":{"private":{"type":"Buffer","data":"mPFDjrfr653vol0PfpDS6dDnypS4AMCUvRshhBeQfXc="},"public":{"type":"Buffer","data":"lRtEaZgkB9kxKKRoESpluP4gvZdTfiCWNbVSbh4mSmM="}},"signedIdentityKey":{"private":{"type":"Buffer","data":"WC3Fbd1P9+j30VmggFE1fr8HALhLfswUBipkDaLP83w="},"public":{"type":"Buffer","data":"j3Wea1iSU+eKcXcvSluqG9kghNk3sHglrLfPH/MU+gU="}},"signedPreKey":{"keyPair":{"private":{"type":"Buffer","data":"QCJyCFBDy3wdozvoSJTXXIlF6YLjVcxupFNIzPalUG0="},"public":{"type":"Buffer","data":"Zgp2mQFL06BBTIdlEGjWWQqdpCdNZPX/qrEnILZVjjc="}},"signature":{"type":"Buffer","data":"BZ+DXNPq8MPisLFkMa225Tmh/e7ZHuw4oitAqQuEopD27wFi+pbxFlMZ6zNwj1IqC4+Pdk0i0C/0I/BsS30Ihg=="},"keyId":1},"registrationId":64,"advSecretKey":"N1QhuYxMHDIYa+wbMCBbvxueDISoDXdelrQe5SAJD20=","processedHistoryMessages":[{"key":{"remoteJid":"556195021362@s.whatsapp.net","fromMe":true,"id":"F8C4E2A18008DD12030501DB51038A41"},"messageTimestamp":1755522563},{"key":{"remoteJid":"556195021362@s.whatsapp.net","fromMe":true,"id":"95F019D5528BF2D9C5F069BC4B9AF94B"},"messageTimestamp":1755522564},{"key":{"remoteJid":"556195021362@s.whatsapp.net","fromMe":true,"id":"8CD8BE219DACC5FBFE57107A155811A1"},"messageTimestamp":1755522573},{"key":{"remoteJid":"556195021362@s.whatsapp.net","fromMe":true,"id":"C110F6D93083A5E94CF8491ACCB284E8"},"messageTimestamp":1755522580},{"key":{"remoteJid":"556195021362@s.whatsapp.net","fromMe":true,"id":"ADFBB37B7FABA4BC0AB48DE0F4AC4947"},"messageTimestamp":1755522588},{"key":{"remoteJid":"556195021362@s.whatsapp.net","fromMe":true,"id":"F3E0E7F159FC6358A717CB582BC3F70A"},"messageTimestamp":1755522595},{"key":{"remoteJid":"556195021362@s.whatsapp.net","fromMe":true,"id":"B0E5DF4E80B70A48C9BB6557B472098B"},"messageTimestamp":1755522602},{"key":{"remoteJid":"556195021362@s.whatsapp.net","fromMe":true,"id":"FEA941ACE1BA3E2833AAD3F02E49986A"},"messageTimestamp":1755522609},{"key":{"remoteJid":"556195021362@s.whatsapp.net","fromMe":true,"id":"5FCD9A6DC0E2FAF024CBB2FE333962A3"},"messageTimestamp":1755522616},{"key":{"remoteJid":"556195021362@s.whatsapp.net","fromMe":true,"id":"3B50AC2CFC5EF14ADA38062B2B7E53CF"},"messageTimestamp":1755522623},{"key":{"remoteJid":"556195021362@s.whatsapp.net","fromMe":true,"id":"AD169995C2ED534D2D23EF0B4914B76A"},"messageTimestamp":1755522639},{"key":{"remoteJid":"556195021362@s.whatsapp.net","fromMe":true,"id":"E0CF3CC5BB9FF41CB4C06538CA9B603E"},"messageTimestamp":1755522659},{"key":{"remoteJid":"556195021362@s.whatsapp.net","fromMe":true,"id":"24F6CAB6B39BB5943D18EE74C0BC19D2"},"messageTimestamp":1755522678},{"key":{"remoteJid":"556195021362@s.whatsapp.net","fromMe":true,"id":"E6244FBDD71FBD81177CB497852DF800"},"messageTimestamp":1755522688},{"key":{"remoteJid":"556195021362@s.whatsapp.net","fromMe":true,"id":"51EAFBCF474D4E41383A316DC3689393"},"messageTimestamp":1755522694},{"key":{"remoteJid":"556195021362@s.whatsapp.net","fromMe":true,"id":"0BA4AC11559051E58F13A50E6101F9C8"},"messageTimestamp":1755522701},{"key":{"remoteJid":"556195021362@s.whatsapp.net","fromMe":true,"id":"BC76279D0373C877E1A0F8E072AF171F"},"messageTimestamp":1755522703}],"nextPreKeyId":31,"firstUnuploadedPreKeyId":31,"accountSyncCounter":1,"accountSettings":{"unarchiveChats":false},"registered":false,"account":{"details":"CI/S+KoDEN7LjMUGGF4gACgA","accountSignatureKey":"2Q8W6UUN0oaJw7sJo0IEgLXCpBdktOHV3d82sFAyajQ=","accountSignature":"DpiQ7mCRAXGK2RcmK2Z+7ZMS5DyXdbDehhXFPdZqw4G4Qf8Q6DfUzsEhgae9a9FOBlVjYIrtlSp8ZXGpXwoCDw==","deviceSignature":"aEpSIXVFpzoEHb4hho8VshvYr9u68NprkL8RcQcKb1bp8dXHcsnJXhd/YEU0p91cT6DKwUY9YaQtNphf/p18jg=="},"me":{"id":"556195021362:84@s.whatsapp.net","name":"Marques Oliveira","lid":"261361795858517:84@lid"},"signalIdentities":[{"identifier":{"name":"556195021362:84@s.whatsapp.net","deviceId":0},"identifierKey":{"type":"Buffer","data":"BdkPFulFDdKGicO7CaNCBIC1wqQXZLTh1d3fNrBQMmo0"}}],"platform":"smba","routingInfo":{"type":"Buffer","data":"CAUIDQ=="},"lastAccountSyncTimestamp":1755522559,"lastPropHash":"1Fcm9N","myAppStateKeyId":"AAAAANh7"}