{"_sessions":{"BUJ0TsCLvvsJOhFCSUq76ZrWH9AWV3E6jWyVNdh0o5BM":{"registrationId":1122360820,"currentRatchet":{"ephemeralKeyPair":{"pubKey":"BdiwUyDIgdnxEaSqe32mhZczmQv71oUmHizagabpXBl1","privKey":"8NUIEowoMyXqBZKbGG0kXsQxrtvoJPfBpLx+eJrnMEc="},"lastRemoteEphemeralKey":"BWDEMtzF6aALaU+dJ6qtho/4VP+QdY+ETm7kCOWraHtP","previousCounter":0,"rootKey":"c+OtvNV+OOA2krhlUSHNkMssTuLV1yMgtZwe86+Y6GA="},"indexInfo":{"baseKey":"BUJ0TsCLvvsJOhFCSUq76ZrWH9AWV3E6jWyVNdh0o5BM","baseKeyType":2,"closed":-1,"used":1755523559046,"created":1755523559046,"remoteIdentityKey":"BSgv42sBNEf7OGzQoz6md34ctH6sis0Zte+94MxkfR9f"},"_chains":{"BWDEMtzF6aALaU+dJ6qtho/4VP+QdY+ETm7kCOWraHtP":{"chainKey":{"counter":0,"key":"871pqch8ezwBTVCSv/uaV69VggPcmtdYsapr+t97zQ8="},"chainType":2,"messageKeys":{}},"BdiwUyDIgdnxEaSqe32mhZczmQv71oUmHizagabpXBl1":{"chainKey":{"counter":-1,"key":"U2cO8R18ULICZMb5+F/5gFdkWyYuDh4+lMxZoJtyjDo="},"chainType":1,"messageKeys":{}}}}},"version":"v1"}