{"_sessions":{"BYLRNhamKAQJ3Wk9nnfUiYRssT+pGuintUR8LMHefBdS":{"registrationId":1890966598,"currentRatchet":{"ephemeralKeyPair":{"pubKey":"BSVdhUUSUq2yzwCMOJMYyFK18wm9Qi/ci0o3+oHTTqQw","privKey":"IK+xamtjNOCXld/evYzB1qAzVsBJ0HccYAitxDkbMGI="},"lastRemoteEphemeralKey":"Beq++hoRfmKrcgpXUnL+fsHaSevLeD8fDYjbLc5cFWob","previousCounter":0,"rootKey":"pFfDs5yqC2Nm/uKsMkrKtppwi2rolyVg6bGcntZybBg="},"indexInfo":{"baseKey":"BYLRNhamKAQJ3Wk9nnfUiYRssT+pGuintUR8LMHefBdS","baseKeyType":2,"closed":-1,"used":1755523894681,"created":1755523894681,"remoteIdentityKey":"BcAI6HlVXVcCLyDNt4vlHW3z5YGOK+58l+vymNMxDo9u"},"_chains":{"Beq++hoRfmKrcgpXUnL+fsHaSevLeD8fDYjbLc5cFWob":{"chainKey":{"counter":0,"key":"E1CC864zvtMamiPWemoZtD3zQKqTA7SqR6RA0md4/G0="},"chainType":2,"messageKeys":{}},"BSVdhUUSUq2yzwCMOJMYyFK18wm9Qi/ci0o3+oHTTqQw":{"chainKey":{"counter":-1,"key":"C27enKFdVokUwr3l6mmVmWtY9pfR3ELVgsFnWm/yW58="},"chainType":1,"messageKeys":{}}}}},"version":"v1"}