{"_sessions":{"BbRxRjPi157tH4GOZCAg3/7dObo/TUhFgZO7Rg1MP0V4":{"registrationId":165,"currentRatchet":{"ephemeralKeyPair":{"pubKey":"BQB0cacMKMpoI0fZx0NzTQnz/GY/Yjf/6SvQtAY86Rku","privKey":"kIP0W9fMZ4lJoiu/LYx4Cvibp+ez6gDQZFYmCCdX72Y="},"lastRemoteEphemeralKey":"BcUs7Y9NJjx+kBM7g5vrchLf1Cg5zUIlmPasUDtd/J1i","previousCounter":0,"rootKey":"gZzcgLD3IiQ+x6+p4UKv4i6avVN8vFd8KWgRIFPW3Bs="},"indexInfo":{"baseKey":"BbRxRjPi157tH4GOZCAg3/7dObo/TUhFgZO7Rg1MP0V4","baseKeyType":1,"closed":-1,"used":1755523848969,"created":1755523848969,"remoteIdentityKey":"BbCKNsixTK8hJJgcNzb8KRzQWx/DT5FNm0NZreMnBJ1G"},"_chains":{"BQB0cacMKMpoI0fZx0NzTQnz/GY/Yjf/6SvQtAY86Rku":{"chainKey":{"counter":4,"key":"410P37M3tMmjISVhjm9z/0a0ICoZ90k/mhYuqspSOkM="},"chainType":1,"messageKeys":{}}},"pendingPreKey":{"signedKeyId":1,"baseKey":"BbRxRjPi157tH4GOZCAg3/7dObo/TUhFgZO7Rg1MP0V4","preKeyId":1758}}},"version":"v1"}