{"_sessions":{"BZg4/5LbZkWYwzOE5ivJOZOP51EWNkyqUENwgEIY8uBo":{"registrationId":25197386,"currentRatchet":{"ephemeralKeyPair":{"pubKey":"BRidaBHP+EDkFRRAuUDPfl8rugb83Gu/xrIc6BmNufcw","privKey":"gGnv254k61whDU2VyQSN4GJmafj7Zn+On2yc8zKmNFo="},"lastRemoteEphemeralKey":"BYnWyVD9G+prO5i9h/T3R+hd7BgH+k4bn4kB+o0qBCpr","previousCounter":2,"rootKey":"LLxS6x8cxzGGLrsGGujG7XXN/XabPpjNvt5ef6XdWBo="},"indexInfo":{"baseKey":"BZg4/5LbZkWYwzOE5ivJOZOP51EWNkyqUENwgEIY8uBo","baseKeyType":2,"closed":-1,"used":1755524804618,"created":1755522560748,"remoteIdentityKey":"BdkPFulFDdKGicO7CaNCBIC1wqQXZLTh1d3fNrBQMmo0"},"_chains":{"BUA6BP6mYXCslsBN5ass1X7M6BUyybOS3l7LyLyiE6Bb":{"chainKey":{"counter":23},"chainType":2,"messageKeys":{}},"BYnWyVD9G+prO5i9h/T3R+hd7BgH+k4bn4kB+o0qBCpr":{"chainKey":{"counter":5,"key":"qek7rCsuo+ln0Xf970Iufd3poRuLtcHgS3mk1QxN8MQ="},"chainType":2,"messageKeys":{}},"BRidaBHP+EDkFRRAuUDPfl8rugb83Gu/xrIc6BmNufcw":{"chainKey":{"counter":-1,"key":"CiJzTIDDwwyLFmzYbjE9uBJ3GMiOxdptFoHyWG/94oQ="},"chainType":1,"messageKeys":{}}}}},"version":"v1"}