{"_sessions":{"BeWzIP6KnJwOZSpaLavTvf9APf67i04eJRnw9opJd8su":{"registrationId":619639689,"currentRatchet":{"ephemeralKeyPair":{"pubKey":"BZnW0VU7Ki/EpTFKIdAT2anxogaWgMglez3KpMlc5ckD","privKey":"gD+WTN0MLYaqkRk4oke5baPqiP9uQqtwns+YzubrNEs="},"lastRemoteEphemeralKey":"BTWoD6+LuocVib4ayIvgfHq4WFWuPsDcOSSkJ3ZY3FEV","previousCounter":0,"rootKey":"wrVQN7g4cYhY8LjQlho5FYGxb+UHAh/+kOpl+nHNlZo="},"indexInfo":{"baseKey":"BeWzIP6KnJwOZSpaLavTvf9APf67i04eJRnw9opJd8su","baseKeyType":2,"closed":-1,"used":1755523575410,"created":1755523575410,"remoteIdentityKey":"BSL1O3ohkQbHSmAwc/s/7hBfkbkHZK6GbS34CWHqP1cC"},"_chains":{"BTWoD6+LuocVib4ayIvgfHq4WFWuPsDcOSSkJ3ZY3FEV":{"chainKey":{"counter":0,"key":"WKsgWJcX1zd87zwTByI7VvbUqxTE7e1/uQfLHFI/zog="},"chainType":2,"messageKeys":{}},"BZnW0VU7Ki/EpTFKIdAT2anxogaWgMglez3KpMlc5ckD":{"chainKey":{"counter":-1,"key":"efkaRUGMyKrV3GbLYw7ky4LcfWe/9dJ0gzFbs/woAwU="},"chainType":1,"messageKeys":{}}}}},"version":"v1"}