{"_sessions":{"BRzGvN03Ykw4MdcnQgu3WbInDQXf2J0wO60OPyzuhE0e":{"registrationId":1515435501,"currentRatchet":{"ephemeralKeyPair":{"pubKey":"BacQTe08fM0GA1nDajLV3v4SCuOI2cEPuFOjAjx5U2QK","privKey":"yGxQpmMmBpxyRLKv8rKQKC8iTYjAuoDRcdWdqkSh+V4="},"lastRemoteEphemeralKey":"Bc9+dxdptjjeU+qc+htDI3UMrYzHCUlmVIPzF9NcXYg7","previousCounter":0,"rootKey":"WCL9c60oiaT6lX3mG5LhQ/EMaMPFvhvVqNDXVfPgyDU="},"indexInfo":{"baseKey":"BRzGvN03Ykw4MdcnQgu3WbInDQXf2J0wO60OPyzuhE0e","baseKeyType":2,"closed":-1,"used":1755524628233,"created":1755524628233,"remoteIdentityKey":"BRPcMtUw+ZKuNxrWcWX5/Dcs5HGCp7aua/0RI6uI52hH"},"_chains":{"Bc9+dxdptjjeU+qc+htDI3UMrYzHCUlmVIPzF9NcXYg7":{"chainKey":{"counter":0,"key":"66b1FQdb6+iP+kEMwx8AQG6PYEu37PYKIB0xVl2HeNE="},"chainType":2,"messageKeys":{}},"BacQTe08fM0GA1nDajLV3v4SCuOI2cEPuFOjAjx5U2QK":{"chainKey":{"counter":-1,"key":"ls05CiizpRYfsiNMJAvNCEbtD0SUWc/+npEe6kY1UTc="},"chainType":1,"messageKeys":{}}}}},"version":"v1"}