{"_sessions":{"Bf5CT4eY6Tj2L6CW9DcHDJ5M2CxtqiA6+XUUHjaxlf1+":{"registrationId":627819669,"currentRatchet":{"ephemeralKeyPair":{"pubKey":"BVVsGZDBZcoYvJ/47iZFSM/WkdFgnuaN1epGRGRHH6x5","privKey":"kOHw8Wjird48Q7Nc4G72mi5u1RHoc+/R/JXcSgJ2fmQ="},"lastRemoteEphemeralKey":"BbAE93hwt0+9xEW8JNht1pFw8OEYIfykB0VFOSRhKkRm","previousCounter":0,"rootKey":"yRhfEc9NmlHKQ/6m5I/qyXp0VmxUkGlqttWyPsygl0Y="},"indexInfo":{"baseKey":"Bf5CT4eY6Tj2L6CW9DcHDJ5M2CxtqiA6+XUUHjaxlf1+","baseKeyType":2,"closed":-1,"used":1755524592690,"created":1755524592690,"remoteIdentityKey":"BXmk0e7KqpNsmrknmgdlEpzSAPAaTnDSk0BOhku6UG1Z"},"_chains":{"BbAE93hwt0+9xEW8JNht1pFw8OEYIfykB0VFOSRhKkRm":{"chainKey":{"counter":0,"key":"IFxymPK+FfUlWbg9nmOyI+PIQU+7xH8uy8ef7Sw8Xak="},"chainType":2,"messageKeys":{}},"BVVsGZDBZcoYvJ/47iZFSM/WkdFgnuaN1epGRGRHH6x5":{"chainKey":{"counter":-1,"key":"IOe9xXbtzXar27DrPFvfXBAtZwVeMsrKWBS1SwY7jNs="},"chainType":1,"messageKeys":{}}}}},"version":"v1"}