{"_sessions":{"BR9Mni46lllcIJxHv8YK14uxmDt8SqZv0NbPEKslczYf":{"registrationId":13249,"currentRatchet":{"ephemeralKeyPair":{"pubKey":"BaRwwkfrzVxwFC+4xeEyySBGhdQewS/NrEZ5Y3oIHXMs","privKey":"KBAo3ptzqIMTA6SR33kj+MxzHBoENW+IirgaTXOKFkI="},"lastRemoteEphemeralKey":"BXlg6RWUFSne5dmEjYJE+JWHNTR6FXN8zCF8EXY7Tz04","previousCounter":0,"rootKey":"mAtZomyhXVjJfhhY427LUGQoYDmihkbUIrz4uozh4Gc="},"indexInfo":{"baseKey":"BR9Mni46lllcIJxHv8YK14uxmDt8SqZv0NbPEKslczYf","baseKeyType":2,"closed":-1,"used":1755523472659,"created":1755523472659,"remoteIdentityKey":"BYakR7uw5eStR6WFR5JYvN9uQY8IwvFg/Uz41uaEEyNS"},"_chains":{"BXlg6RWUFSne5dmEjYJE+JWHNTR6FXN8zCF8EXY7Tz04":{"chainKey":{"counter":1,"key":"eyeqvkEglUBAjIYb7qy8p3krchF/R807So0XUC1CkWE="},"chainType":2,"messageKeys":{}},"BaRwwkfrzVxwFC+4xeEyySBGhdQewS/NrEZ5Y3oIHXMs":{"chainKey":{"counter":-1,"key":"Q26DDiBBXp3ov+pW5CTYD9cJZntdGK6q+cJOT8c6utQ="},"chainType":1,"messageKeys":{}}}}},"version":"v1"}