{"_sessions":{"Bbx8ePbj/uFN5wD5VNkm562pXIQbuXyVHHdiwHxBbnEM":{"registrationId":11927,"currentRatchet":{"ephemeralKeyPair":{"pubKey":"BXwOzk0Qs75nqg9wNek5Xb06qU4rBPofao1HulRicXYl","privKey":"GCN8GcXir4WHDPcTW8uCAe0w2+dU4qmrh7j/zvDHBGo="},"lastRemoteEphemeralKey":"BV4VL+BbSZ4lGVGqMLQRoQBvUsTZw0nG8Yvs42CMPnN5","previousCounter":0,"rootKey":"dfpdDgT/z93K1jaxk5GwhsVO5kMWMQSNkQByr8FI5Ck="},"indexInfo":{"baseKey":"Bbx8ePbj/uFN5wD5VNkm562pXIQbuXyVHHdiwHxBbnEM","baseKeyType":2,"closed":-1,"used":1755523157568,"created":1755523157568,"remoteIdentityKey":"BSFqp8fv1wgUJIM9lYVYXJgKDQ7plVfgTKg6VeUxLDtQ"},"_chains":{"BV4VL+BbSZ4lGVGqMLQRoQBvUsTZw0nG8Yvs42CMPnN5":{"chainKey":{"counter":0,"key":"9YkEmRcsqkhAceriTPuCEyajZLz3kgiEExxhsvY77ks="},"chainType":2,"messageKeys":{}},"BXwOzk0Qs75nqg9wNek5Xb06qU4rBPofao1HulRicXYl":{"chainKey":{"counter":-1,"key":"LU+Zcm0yqHDcNNo6JOOK6un4+CA6vVtcoe0IfGudo80="},"chainType":1,"messageKeys":{}}}}},"version":"v1"}