{"_sessions":{"BZihpgI25pLikl3oY0WxqWcsmjicMzN8keM2bMi+sX9V":{"registrationId":469840762,"currentRatchet":{"ephemeralKeyPair":{"pubKey":"BX6qhsFY/xJOL+1+HGyoEBjBOI0rx0i89jSdaXtyrIwT","privKey":"iAXH5Zd/2CWHtR8hNfymIhos0jvaf365U5KdY1hs9U4="},"lastRemoteEphemeralKey":"Bdfzux53eoZbL107ANsC+EpBgroyswJGGsrzCCNLcKBr","previousCounter":0,"rootKey":"y4qLhxPWfaUDyYFXEdFKOJzQv7GC7FEXhjgfQeUihkA="},"indexInfo":{"baseKey":"BZihpgI25pLikl3oY0WxqWcsmjicMzN8keM2bMi+sX9V","baseKeyType":2,"closed":-1,"used":1755524297153,"created":1755524297153,"remoteIdentityKey":"BU6xqI+kJKpIsuTdKzIoddaS76O8qeawNP4QMzcRHokL"},"_chains":{"Bdfzux53eoZbL107ANsC+EpBgroyswJGGsrzCCNLcKBr":{"chainKey":{"counter":0,"key":"wbbhTkfKFwFPBwq72LmFKk45d5eeQ4LokSgsiGFz9Gg="},"chainType":2,"messageKeys":{}},"BX6qhsFY/xJOL+1+HGyoEBjBOI0rx0i89jSdaXtyrIwT":{"chainKey":{"counter":-1,"key":"N/beGDfv+7KQitNUc84hRJXIII8XzQBmi/mtn2JXqlM="},"chainType":1,"messageKeys":{}}}}},"version":"v1"}