{"_sessions":{"BSp70tw1K03vDamdJbiBsFxg6yOp2/O0vZFXyU/Annlx":{"registrationId":1126439883,"currentRatchet":{"ephemeralKeyPair":{"pubKey":"BUBiFnOdMVnWJNmcH7gKv7AwDxh+Wty1PjqItRYgw6oP","privKey":"AIUyQV4XLu5rx/2XorCRz4AQKBcrmU7dbXwu5c77ZUw="},"lastRemoteEphemeralKey":"BXAnh4FGDrsRNnzFvpbTbhxpl7iouZx3HhnOFssC2FRH","previousCounter":0,"rootKey":"Eg4NkckVVQYN1TIkRI7X2cdIrSW1pbfBJIWsO9/npI8="},"indexInfo":{"baseKey":"BSp70tw1K03vDamdJbiBsFxg6yOp2/O0vZFXyU/Annlx","baseKeyType":2,"closed":-1,"used":1755523586301,"created":1755523586301,"remoteIdentityKey":"BfhHrpLG4dxeHeJcnkai/4RfmGdvRY/Msg8UXt+EDNIC"},"_chains":{"BXAnh4FGDrsRNnzFvpbTbhxpl7iouZx3HhnOFssC2FRH":{"chainKey":{"counter":0,"key":"zbHjgnuj3GQu4ESFvD9RLrQFWvRl3FVvycnN7z9r9UQ="},"chainType":2,"messageKeys":{}},"BUBiFnOdMVnWJNmcH7gKv7AwDxh+Wty1PjqItRYgw6oP":{"chainKey":{"counter":-1,"key":"TpwF6geOnx4dTuDC5nvKkF4XqUoESaz0nr0pISd9OqU="},"chainType":1,"messageKeys":{}}}}},"version":"v1"}