{"_sessions":{"Bb15KPtUOBih1tjhn+9zqSMiCGhECNy6y5aP53M7OTtB":{"registrationId":1310639862,"currentRatchet":{"ephemeralKeyPair":{"pubKey":"BaUJr+iuxAcZKaKexi3ODAeU3e2lcF5yeuXTJ079YdMd","privKey":"6NO4okvl5YpahAkmC2BPZx0lGbolZtY8yfDCvrKLIH0="},"lastRemoteEphemeralKey":"BeLoYvNkEXNxQvCiuM3/wTLGfrWHbb23pMpEibPF0Ks2","previousCounter":0,"rootKey":"5KIRVNOHo//g5HBYfaDcjUYChTQJ8b/7WeYGJfEP6Nc="},"indexInfo":{"baseKey":"Bb15KPtUOBih1tjhn+9zqSMiCGhECNy6y5aP53M7OTtB","baseKeyType":2,"closed":-1,"used":1755523921443,"created":1755523921443,"remoteIdentityKey":"BdGeHvOwe7oXctoTrRSvVS25tV8XhT+FDP5MDdkdK1dL"},"_chains":{"BeLoYvNkEXNxQvCiuM3/wTLGfrWHbb23pMpEibPF0Ks2":{"chainKey":{"counter":0,"key":"IcYLM9BQjX1gXJhqIr4labR0l6HFNF44TfOoN+NOiwA="},"chainType":2,"messageKeys":{}},"BaUJr+iuxAcZKaKexi3ODAeU3e2lcF5yeuXTJ079YdMd":{"chainKey":{"counter":-1,"key":"LnEfZhiktxy54+I7ajQTQ3cC0lluf0bAlvgXsyezKj0="},"chainType":1,"messageKeys":{}}}}},"version":"v1"}