{"_sessions":{"BV3XUbI5xLQMJm3AZmV8ArOBXe6vdjdbn5nd2G2Rkh8r":{"registrationId":1544821077,"currentRatchet":{"ephemeralKeyPair":{"pubKey":"BUvviUakA30NOygZtqPxCmnZv6J64C8V1qN9B1/Uzxd/","privKey":"WBJiiu+1tg96G7qFA2oUdy2aG5eyIf36kZ8DgQFvo3I="},"lastRemoteEphemeralKey":"BUFlwSeJnJImuI7teZ8OAW/A19qH8mHSig0Rx/MdxaU4","previousCounter":0,"rootKey":"APgfzgxYJV7+aMR/TKCIYiSNHW52cEK4tqASlMVP+2w="},"indexInfo":{"baseKey":"BV3XUbI5xLQMJm3AZmV8ArOBXe6vdjdbn5nd2G2Rkh8r","baseKeyType":2,"closed":-1,"used":1755522683109,"created":1755522683109,"remoteIdentityKey":"BXLLqV7HNg1UVk7mNu9z2KNydj6trX8/ejpDHzs512g1"},"_chains":{"BUFlwSeJnJImuI7teZ8OAW/A19qH8mHSig0Rx/MdxaU4":{"chainKey":{"counter":1,"key":"JO0vUyXsb8dwU+49d6P0QkdR9617ogypq6hjepymZAM="},"chainType":2,"messageKeys":{}},"BUvviUakA30NOygZtqPxCmnZv6J64C8V1qN9B1/Uzxd/":{"chainKey":{"counter":-1,"key":"wwVR91/kmSpw3eYxYIc3rtvhJAurRRhBOFex8C8dVIo="},"chainType":1,"messageKeys":{}}}}},"version":"v1"}