{"_sessions":{"BYXyrNSCEQNc4NyNeeCm9Mvo4Nn8CMO+9h0ZC12o4woj":{"registrationId":235,"currentRatchet":{"ephemeralKeyPair":{"pubKey":"BfNxS08Qd/uma6BsHxzdTDbsiRdO7vjslJJXh300NdUi","privKey":"yNmX1XwLdwlu0tgHpHOzG2qYCsbaShKE6d1LcMAv1kM="},"lastRemoteEphemeralKey":"BUBubFoBh8SAe9f43rL3EqhpssycrEvM2SIStLVDjhQE","previousCounter":2,"rootKey":"WveTsl8Y4kGLVGMxFqcBWyiIZBoy2lXpzhjjqtWH7NU="},"indexInfo":{"baseKey":"BYXyrNSCEQNc4NyNeeCm9Mvo4Nn8CMO+9h0ZC12o4woj","baseKeyType":1,"closed":-1,"used":1755524112524,"created":1755523848969,"remoteIdentityKey":"BT6Il17SHWu+6MrTLGWdRUN8NH3Hxq7m9GVTuXJBCGwu"},"_chains":{"BUBubFoBh8SAe9f43rL3EqhpssycrEvM2SIStLVDjhQE":{"chainKey":{"counter":20,"key":"U0kiL7UBDKwx8DH4yCcwbOoFW/Nvn+6aOH9TGq7K9i8="},"chainType":2,"messageKeys":{"1":"ru+p1HYBFgOseJo0v76oh2etW+rSg0OKGQ/15w/o0+M=","8":"IWQ2ObOulw0p3pdxZugotNIn7dPIe/15pAe/nlm/TFQ=","15":"lEkVnH7wAeicQZ3qaQGp7MMuj7CA9VWBf9QM7YGcWVw="}},"BfNxS08Qd/uma6BsHxzdTDbsiRdO7vjslJJXh300NdUi":{"chainKey":{"counter":1,"key":"UaDJrgucrdZUsjwh3IFgxWK+YG/eu5kh8gDWEdPp2Ko="},"chainType":1,"messageKeys":{}}}}},"version":"v1"}