{"_sessions":{"Bd3C/MFnS/iktgW0np+hAwlnEBZ+ykZxoHJVBegJn84X":{"registrationId":1657,"currentRatchet":{"ephemeralKeyPair":{"pubKey":"BWG0jjyV1q1a0cPLzbJ0wJuPpH0dfeV2Me1bH4MUkx5r","privKey":"yN4DuZfoSq1gu+vvor3rkvcC189FjQAOQxxRZCq9q0Q="},"lastRemoteEphemeralKey":"BeZFjE+fQ+vIzqlhXnE7uHUEolyNKHxCiX4zys4fcboV","previousCounter":0,"rootKey":"SVe5V440WH9vymMEluWuUhkziUABQlIQj74n8DVU68Q="},"indexInfo":{"baseKey":"Bd3C/MFnS/iktgW0np+hAwlnEBZ+ykZxoHJVBegJn84X","baseKeyType":1,"closed":-1,"used":1755523848968,"created":1755523848968,"remoteIdentityKey":"BWYnkS73QuF2yRKnQIj6KwSTl0qs4VFZDXJpymotNRZH"},"_chains":{"BWG0jjyV1q1a0cPLzbJ0wJuPpH0dfeV2Me1bH4MUkx5r":{"chainKey":{"counter":4,"key":"gCOdZ9OKH8S8wW9CW9RZX1YCx9Gw+T3VxAqeXs4n1ys="},"chainType":1,"messageKeys":{}}},"pendingPreKey":{"signedKeyId":1,"baseKey":"Bd3C/MFnS/iktgW0np+hAwlnEBZ+ykZxoHJVBegJn84X","preKeyId":2379}}},"version":"v1"}