{"_sessions":{"BZp6hNy+V8HyomZ+VoOhDknOBCdfElumpygy4zYgbp12":{"registrationId":956227756,"currentRatchet":{"ephemeralKeyPair":{"pubKey":"BU7GXy4O8gzDa9RotcUHpw8E/NgrQrpjbZLT4T6vKjYm","privKey":"4LSfu/R5pMS0TrT3Yy9qrf8jBCX8r9+9LVJE1O36lVA="},"lastRemoteEphemeralKey":"BXP4ucpurqLnXdcxk+WJmG7WOBagMcwJlZY9QkAhCPhV","previousCounter":0,"rootKey":"wUKyUihqVBLG7efT+8VIQLikhkFWBpOqqxO83z+lLwQ="},"indexInfo":{"baseKey":"BZp6hNy+V8HyomZ+VoOhDknOBCdfElumpygy4zYgbp12","baseKeyType":2,"closed":-1,"used":1755522732744,"created":1755522732744,"remoteIdentityKey":"Bdgq+SREylEFPQsZ6HabYTXcPwF0s97Ig2V8vOHAYxBZ"},"_chains":{"BXP4ucpurqLnXdcxk+WJmG7WOBagMcwJlZY9QkAhCPhV":{"chainKey":{"counter":0,"key":"UGlfal+VWcb0B4Pg+BxtGXPj+FZ8L5brTDngebOmQYI="},"chainType":2,"messageKeys":{}},"BU7GXy4O8gzDa9RotcUHpw8E/NgrQrpjbZLT4T6vKjYm":{"chainKey":{"counter":-1,"key":"Hl2yehuP5XCKerFY+gesbh7nbx9/80KmB4I2jS1RH88="},"chainType":1,"messageKeys":{}}}}},"version":"v1"}