{"_sessions":{"BSo8pP+1woZQQHSt/0Q2G+nO2Bh8zcauaqIco6VtKK1A":{"registrationId":1357170855,"currentRatchet":{"ephemeralKeyPair":{"pubKey":"BR50FgtCrJ8eRY6rze7Z3JVE7km1aP82lHmwSnUPevRT","privKey":"sJcpyXUBn0jS6KKb6xpJCKringvyyz4Wv8RqpJeGfn4="},"lastRemoteEphemeralKey":"BQClrJ+dtVXpN+1raNeHMNd0fbuPNze4xW0+jQHqP0oy","previousCounter":0,"rootKey":"Np8tINpDvscdgW+rKBCQjQ+1DWWYEzgg77jX2TKsO6o="},"indexInfo":{"baseKey":"BSo8pP+1woZQQHSt/0Q2G+nO2Bh8zcauaqIco6VtKK1A","baseKeyType":2,"closed":-1,"used":1755522935067,"created":1755522935067,"remoteIdentityKey":"BeXP9Rtd2DX4c7NSTF2VTCkW88b2oPmzl9Ag7eYXKPg6"},"_chains":{"BQClrJ+dtVXpN+1raNeHMNd0fbuPNze4xW0+jQHqP0oy":{"chainKey":{"counter":0,"key":"unj07aj8LqyTrg/hKY3KAUoepfARU+VMfo5M7EWFU5k="},"chainType":2,"messageKeys":{}},"BR50FgtCrJ8eRY6rze7Z3JVE7km1aP82lHmwSnUPevRT":{"chainKey":{"counter":-1,"key":"e74OIRtS6OjjfAhQQV0DSlqDrOb4CF5m3smq9dBcfwY="},"chainType":1,"messageKeys":{}}}}},"version":"v1"}