{"_sessions":{"BWuL+jXG/NHjRQIsPFApanix3D0oc0m0UZ60keq8q+l3":{"registrationId":1978554684,"currentRatchet":{"ephemeralKeyPair":{"pubKey":"BVOf2zyBWztInQGnaXOb1lmxHyWsFLLGJdX+xy/XXqIj","privKey":"uOP1XNRHJ9OtMXJRSF+vt1DC4jBGpJRIpkuoRFT4R3k="},"lastRemoteEphemeralKey":"BV8ZiDui+UsYvnpVIbRFABFPG8DLC2oc1N0ADRY9zNRo","previousCounter":0,"rootKey":"nJq7zigjDtLvWK4xJwUtB1BqDNx0BTxdrV7yUD6p3HU="},"indexInfo":{"baseKey":"BWuL+jXG/NHjRQIsPFApanix3D0oc0m0UZ60keq8q+l3","baseKeyType":2,"closed":-1,"used":1755523838315,"created":1755523838315,"remoteIdentityKey":"Bc2t9/J/wsX43NYIc3iulVuJeTY7oQV5ri+l87qkIJA+"},"_chains":{"BV8ZiDui+UsYvnpVIbRFABFPG8DLC2oc1N0ADRY9zNRo":{"chainKey":{"counter":0,"key":"2yL0ydqDah29eS2ZGJxvCJFi39vDUn79rY5JP99Xwis="},"chainType":2,"messageKeys":{}},"BVOf2zyBWztInQGnaXOb1lmxHyWsFLLGJdX+xy/XXqIj":{"chainKey":{"counter":-1,"key":"HDM6EQck+zyzHK+gQ4tJ7jSZuFMSVo0sxrtcYFsVEX4="},"chainType":1,"messageKeys":{}}}}},"version":"v1"}