{"_sessions":{"BZN/csRiyHB84rJUUhgQw0VUKUcqBp47+jyUpkXGcnw3":{"registrationId":1512971653,"currentRatchet":{"ephemeralKeyPair":{"pubKey":"BUkSqjqGHxzQb2AIcvOjzA1kevkdNrF0dRDTB1ALCzsi","privKey":"QLLNfvZ4c0B3/lkQuMXt4utjQpyA+GtG1U9q3IOYR1I="},"lastRemoteEphemeralKey":"Bbp/WQQce0dOBRkfmMoO1BoogoXlchff8bCvrZaYAbZx","previousCounter":0,"rootKey":"1heMzasM4ym4sw5pycVObajKAkUsKTNjBqyVLB94+So="},"indexInfo":{"baseKey":"BZN/csRiyHB84rJUUhgQw0VUKUcqBp47+jyUpkXGcnw3","baseKeyType":2,"closed":-1,"used":1755524735942,"created":1755524735942,"remoteIdentityKey":"BUrSis4GJ536WccU0Va0bOOmIr5+xWOCdq3nh20UGyxv"},"_chains":{"Bbp/WQQce0dOBRkfmMoO1BoogoXlchff8bCvrZaYAbZx":{"chainKey":{"counter":0,"key":"OShplDRFcVZfphjU7+D8gsDp9cOxtmLDAGaAv+qVhRI="},"chainType":2,"messageKeys":{}},"BUkSqjqGHxzQb2AIcvOjzA1kevkdNrF0dRDTB1ALCzsi":{"chainKey":{"counter":-1,"key":"/4m/5KYGBnOW4bY5nEzQbUY+XcX43HBmGDK5c3nIfhg="},"chainType":1,"messageKeys":{}}}}},"version":"v1"}