{"_sessions":{"BUv3o3fYzjApQiM0LiuQH0BLkY5migvh26TRRmv//RYN":{"registrationId":332425837,"currentRatchet":{"ephemeralKeyPair":{"pubKey":"BbjPm7ok++Dw8VEGvpb5AGwAOHllbuqoVyB1qbvCIw4a","privKey":"kHpqiV8d9pm+onEzlXjKuWLHroTGzq098wwKtdMgCnU="},"lastRemoteEphemeralKey":"BQO4R2CHBf9mmAG0bOActwTE5g5KSQp3FiI67EPLPYgY","previousCounter":0,"rootKey":"ns46cjr91eSniD2CoHyB4rUeSUb/iU2K5GOuRiOcxxw="},"indexInfo":{"baseKey":"BUv3o3fYzjApQiM0LiuQH0BLkY5migvh26TRRmv//RYN","baseKeyType":2,"closed":-1,"used":1755523074561,"created":1755523074561,"remoteIdentityKey":"Bc9L230mqvWRMgX+k2qLz8JyKjb5uEHBynVraHdqA30J"},"_chains":{"BQO4R2CHBf9mmAG0bOActwTE5g5KSQp3FiI67EPLPYgY":{"chainKey":{"counter":1,"key":"1cLpfHytLSOGCUsyArEnj4xE8XGY3V/0yYfconxvN+Q="},"chainType":2,"messageKeys":{}},"BbjPm7ok++Dw8VEGvpb5AGwAOHllbuqoVyB1qbvCIw4a":{"chainKey":{"counter":-1,"key":"uqIwQEKuElWfBFSx8E9uZfE6K7yu/QhdF6jHB4YSJE8="},"chainType":1,"messageKeys":{}}}}},"version":"v1"}